OID_,FID_BEC_ROI,FTRCLSSSK,ZONE,SUBZONE,VARIANT,PHASE,NTRLDSTRBN,MAP_LABEL,BGC_LABEL,ZONE_NAME,SBZNNM,VRNTNM,PHASE_NAME,NTRLDSTRB1,AREA_SQM,FEAT_LEN,FEAT_AREA,FTRLNGTH,OBJECTID,FID_PEM_fire_group,fire_group,BEC_PEM,Shape_Length,Shape_Area,Calculate_Area_Ha
1,412,435.000000000000000,IDF,dm,2, ,NDT4,IDFdm2,IDF dm 2,Interior Douglas-fir,Dry Mild,Kootenay, ,Ecosystems with frequent stand-maintaining fires,2154694911.042200088500977,1438185.760100000072271,2154694910.000000000000000,1438186.000000000000000,5121855.000000000000000,3,cool,IDFdm2cool,106866.397373525731382,1710656.159319889266044,171.065615931988930
2,412,435.000000000000000,IDF,dm,2, ,NDT4,IDFdm2,IDF dm 2,Interior Douglas-fir,Dry Mild,Kootenay, ,Ecosystems with frequent stand-maintaining fires,2154694911.042200088500977,1438185.760100000072271,2154694910.000000000000000,1438186.000000000000000,5121855.000000000000000,5,cool,IDFdm2cool,216345.867644456768176,3923433.965312198270112,392.343396531219867
3,412,435.000000000000000,IDF,dm,2, ,NDT4,IDFdm2,IDF dm 2,Interior Douglas-fir,Dry Mild,Kootenay, ,Ecosystems with frequent stand-maintaining fires,2154694911.042200088500977,1438185.760100000072271,2154694910.000000000000000,1438186.000000000000000,5121855.000000000000000,6,warm,IDFdm2warm,273546.484442888642661,46230027.182380571961403,4623.002718238057241
4,412,435.000000000000000,IDF,dm,2, ,NDT4,IDFdm2,IDF dm 2,Interior Douglas-fir,Dry Mild,Kootenay, ,Ecosystems with frequent stand-maintaining fires,2154694911.042200088500977,1438185.760100000072271,2154694910.000000000000000,1438186.000000000000000,5121855.000000000000000,7,warm,IDFdm2warm,90901.738536171134911,12079471.013207433745265,1207.947101320743513
5,418,435.000000000000000,MS,dw, , ,NDT3,MSdw,MS  dw,Montane Spruce,Dry Warm, , ,Ecosystems with frequent stand-initiating events,110344810.161200001835823,385464.121800000022631,110344810.000000000000000,385464.000000000000000,5125219.000000000000000,3,cool,MSdwcool,27529.404293845545908,6402938.478113063611090,640.293847811306364
6,418,435.000000000000000,MS,dw, , ,NDT3,MSdw,MS  dw,Montane Spruce,Dry Warm, , ,Ecosystems with frequent stand-initiating events,110344810.161200001835823,385464.121800000022631,110344810.000000000000000,385464.000000000000000,5125219.000000000000000,5,cool,MSdwcool,435.340014883370486,2940.172034712363711,0.294017203471236
7,418,435.000000000000000,MS,dw, , ,NDT3,MSdw,MS  dw,Montane Spruce,Dry Warm, , ,Ecosystems with frequent stand-initiating events,110344810.161200001835823,385464.121800000022631,110344810.000000000000000,385464.000000000000000,5125219.000000000000000,6,warm,MSdwwarm,22572.618881102953310,370645.785186941793654,37.064578518694184
8,492,435.000000000000000,ICH,mk,5, ,NDT3,ICHmk5,ICH mk 5,Interior Cedar -- Hemlock,Moist Cool,Kootenay, ,Ecosystems with frequent stand-initiating events,173237045.635500013828278,135143.598399999988033,173237046.000000000000000,135144.000000000000000,5121538.000000000000000,3,cool,ICHmk5cool,161240.325764344132040,41422936.352614335715771,4142.293635261433337
9,492,435.000000000000000,ICH,mk,5, ,NDT3,ICHmk5,ICH mk 5,Interior Cedar -- Hemlock,Moist Cool,Kootenay, ,Ecosystems with frequent stand-initiating events,173237045.635500013828278,135143.598399999988033,173237046.000000000000000,135144.000000000000000,5121538.000000000000000,5,cool,ICHmk5cool,4700.732197945450935,335773.082660368352663,33.577308266036837
10,492,435.000000000000000,ICH,mk,5, ,NDT3,ICHmk5,ICH mk 5,Interior Cedar -- Hemlock,Moist Cool,Kootenay, ,Ecosystems with frequent stand-initiating events,173237045.635500013828278,135143.598399999988033,173237046.000000000000000,135144.000000000000000,5121538.000000000000000,7,warm,ICHmk5warm,42064.294643298941082,3166601.145571747794747,316.660114557174779
11,493,435.000000000000000,ESSF,mmw, , ,NDT2,ESSFmmw,ESSFmmw,Engelmann Spruce -- Subalpine Fir,Moist Mild Woodland, , ,Ecosystems with infrequent stand-initiating events,35723577.754000000655651,255337.839999999996508,35723578.000000000000000,255338.000000000000000,5118265.000000000000000,3,cool,ESSFmmwcool,469.749741009460081,2.687795454821059,0.000268779545482
12,493,435.000000000000000,ESSF,mmw, , ,NDT2,ESSFmmw,ESSFmmw,Engelmann Spruce -- Subalpine Fir,Moist Mild Woodland, , ,Ecosystems with infrequent stand-initiating events,35723577.754000000655651,255337.839999999996508,35723578.000000000000000,255338.000000000000000,5118265.000000000000000,5,cool,ESSFmmwcool,992.750716838346989,6.697800204423487,0.000669780020442
13,493,435.000000000000000,ESSF,mmw, , ,NDT2,ESSFmmw,ESSFmmw,Engelmann Spruce -- Subalpine Fir,Moist Mild Woodland, , ,Ecosystems with infrequent stand-initiating events,35723577.754000000655651,255337.839999999996508,35723578.000000000000000,255338.000000000000000,5118265.000000000000000,7,warm,ESSFmmwwarm,836.993375933661127,6.613463404930950,0.000661346340493
14,497,435.000000000000000,IMA,un, , ,NDT5,IMAun,IMA un,Interior Mountain-heather Alpine,Undifferentiated, , ,Alpine Tundra and Subalpine Parkland ecosystems,117500.000000000000000,2300.000000000000000,117500.000000000000000,2300.000000000000000,5122563.000000000000000,3,cool,IMAuncool,134.683096685362244,712.700879807137881,0.071270087980714
15,497,435.000000000000000,IMA,un, , ,NDT5,IMAun,IMA un,Interior Mountain-heather Alpine,Undifferentiated, , ,Alpine Tundra and Subalpine Parkland ecosystems,117500.000000000000000,2300.000000000000000,117500.000000000000000,2300.000000000000000,5122563.000000000000000,7,warm,IMAunwarm,537.332522269718652,4480.804168047276107,0.448080416804728
16,499,435.000000000000000,IMA,un, , ,NDT5,IMAun,IMA un,Interior Mountain-heather Alpine,Undifferentiated, , ,Alpine Tundra and Subalpine Parkland ecosystems,142500.000000000000000,2400.000000000000000,142500.000000000000000,2400.000000000000000,5122570.000000000000000,3,cool,IMAuncool,350.204043553493818,1868.422753808419202,0.186842275380842
17,511,435.000000000000000,IMA,un, , ,NDT5,IMAun,IMA un,Interior Mountain-heather Alpine,Undifferentiated, , ,Alpine Tundra and Subalpine Parkland ecosystems,210000.000000000000000,2200.000000000000000,210000.000000000000000,2200.000000000000000,5122589.000000000000000,3,cool,IMAuncool,541.476603065134555,8570.787883076671278,0.857078788307667
18,512,435.000000000000000,IMA,un, , ,NDT5,IMAun,IMA un,Interior Mountain-heather Alpine,Undifferentiated, , ,Alpine Tundra and Subalpine Parkland ecosystems,550000.000000000000000,6000.000000000000000,550000.000000000000000,6000.000000000000000,5122595.000000000000000,3,cool,IMAuncool,4191.639685681488118,119845.108519397545024,11.984510851939755
19,512,435.000000000000000,IMA,un, , ,NDT5,IMAun,IMA un,Interior Mountain-heather Alpine,Undifferentiated, , ,Alpine Tundra and Subalpine Parkland ecosystems,550000.000000000000000,6000.000000000000000,550000.000000000000000,6000.000000000000000,5122595.000000000000000,5,cool,IMAuncool,269.764450406273738,675.063022319288621,0.067506302231929
20,513,435.000000000000000,IMA,un, , ,NDT5,IMAun,IMA un,Interior Mountain-heather Alpine,Undifferentiated, , ,Alpine Tundra and Subalpine Parkland ecosystems,185000.000000000000000,2700.000000000000000,185000.000000000000000,2700.000000000000000,5122605.000000000000000,3,cool,IMAuncool,966.694220518696852,12771.333025584957795,1.277133302558496
21,514,435.000000000000000,IMA,un, , ,NDT5,IMAun,IMA un,Interior Mountain-heather Alpine,Undifferentiated, , ,Alpine Tundra and Subalpine Parkland ecosystems,285000.000000000000000,4200.000000000000000,285000.000000000000000,4200.000000000000000,5122609.000000000000000,3,cool,IMAuncool,165.058468641327323,1445.357716516880828,0.144535771651688
22,515,435.000000000000000,ESSF,dkp, , ,NDT5,ESSFdkp,ESSFdkp,Engelmann Spruce -- Subalpine Fir,Dry Cool Parkland, , ,Alpine Tundra and Subalpine Parkland ecosystems,33671962.945799998939037,260118.921499999996740,33671963.000000000000000,260119.000000000000000,5117610.000000000000000,3,cool,ESSFdkpcool,77292.834255498994025,2024034.993366626091301,202.403499336662605
23,515,435.000000000000000,ESSF,dkp, , ,NDT5,ESSFdkp,ESSFdkp,Engelmann Spruce -- Subalpine Fir,Dry Cool Parkland, , ,Alpine Tundra and Subalpine Parkland ecosystems,33671962.945799998939037,260118.921499999996740,33671963.000000000000000,260119.000000000000000,5117610.000000000000000,7,warm,ESSFdkpwarm,1290.378175443726832,4863.241072113892187,0.486324107211389
24,518,435.000000000000000,ESSF,dkw, , ,NDT3,ESSFdkw,ESSFdkw,Engelmann Spruce -- Subalpine Fir,Dry Cool Woodland, , ,Ecosystems with frequent stand-initiating events,1622500.000000000000000,9200.000000000000000,1622500.000000000000000,9200.000000000000000,5117791.000000000000000,3,cool,ESSFdkwcool,10839.998023816870045,95227.776637304443284,9.522777663730444
25,518,435.000000000000000,ESSF,dkw, , ,NDT3,ESSFdkw,ESSFdkw,Engelmann Spruce -- Subalpine Fir,Dry Cool Woodland, , ,Ecosystems with frequent stand-initiating events,1622500.000000000000000,9200.000000000000000,1622500.000000000000000,9200.000000000000000,5117791.000000000000000,5,cool,ESSFdkwcool,2379.339659184268385,9825.775698610515974,0.982577569861052
26,518,435.000000000000000,ESSF,dkw, , ,NDT3,ESSFdkw,ESSFdkw,Engelmann Spruce -- Subalpine Fir,Dry Cool Woodland, , ,Ecosystems with frequent stand-initiating events,1622500.000000000000000,9200.000000000000000,1622500.000000000000000,9200.000000000000000,5117791.000000000000000,7,warm,ESSFdkwwarm,19093.170701146740612,954613.698552970658056,95.461369855297065
27,521,435.000000000000000,ESSF,dkw, , ,NDT3,ESSFdkw,ESSFdkw,Engelmann Spruce -- Subalpine Fir,Dry Cool Woodland, , ,Ecosystems with frequent stand-initiating events,1727500.000000000000000,14100.000000000000000,1727500.000000000000000,14100.000000000000000,5117789.000000000000000,3,cool,ESSFdkwcool,2039.872363262571071,10805.588860911811935,1.080558886091181
28,521,435.000000000000000,ESSF,dkw, , ,NDT3,ESSFdkw,ESSFdkw,Engelmann Spruce -- Subalpine Fir,Dry Cool Woodland, , ,Ecosystems with frequent stand-initiating events,1727500.000000000000000,14100.000000000000000,1727500.000000000000000,14100.000000000000000,5117789.000000000000000,5,cool,ESSFdkwcool,4611.924817285263089,29457.013129261405993,2.945701312926141
29,521,435.000000000000000,ESSF,dkw, , ,NDT3,ESSFdkw,ESSFdkw,Engelmann Spruce -- Subalpine Fir,Dry Cool Woodland, , ,Ecosystems with frequent stand-initiating events,1727500.000000000000000,14100.000000000000000,1727500.000000000000000,14100.000000000000000,5117789.000000000000000,7,warm,ESSFdkwwarm,18813.900832324146904,1343736.867605765117332,134.373686760576504
30,523,435.000000000000000,ESSF,dkp, , ,NDT5,ESSFdkp,ESSFdkp,Engelmann Spruce -- Subalpine Fir,Dry Cool Parkland, , ,Alpine Tundra and Subalpine Parkland ecosystems,200000.000000000000000,2500.000000000000000,200000.000000000000000,2500.000000000000000,5117604.000000000000000,3,cool,ESSFdkpcool,983.194553283131881,28137.123720492458233,2.813712372049246
31,523,435.000000000000000,ESSF,dkp, , ,NDT5,ESSFdkp,ESSFdkp,Engelmann Spruce -- Subalpine Fir,Dry Cool Parkland, , ,Alpine Tundra and Subalpine Parkland ecosystems,200000.000000000000000,2500.000000000000000,200000.000000000000000,2500.000000000000000,5117604.000000000000000,5,cool,ESSFdkpcool,519.808960617721368,7592.887827877129894,0.759288782787713
32,523,435.000000000000000,ESSF,dkp, , ,NDT5,ESSFdkp,ESSFdkp,Engelmann Spruce -- Subalpine Fir,Dry Cool Parkland, , ,Alpine Tundra and Subalpine Parkland ecosystems,200000.000000000000000,2500.000000000000000,200000.000000000000000,2500.000000000000000,5117604.000000000000000,7,warm,ESSFdkpwarm,2685.321124589835108,120406.110097349665011,12.040611009734967
33,525,435.000000000000000,ESSF,dkw, , ,NDT3,ESSFdkw,ESSFdkw,Engelmann Spruce -- Subalpine Fir,Dry Cool Woodland, , ,Ecosystems with frequent stand-initiating events,462500.000000000000000,4500.000000000000000,462500.000000000000000,4500.000000000000000,5117788.000000000000000,3,cool,ESSFdkwcool,700.217199437084560,4579.496773789249346,0.457949677378925
34,525,435.000000000000000,ESSF,dkw, , ,NDT3,ESSFdkw,ESSFdkw,Engelmann Spruce -- Subalpine Fir,Dry Cool Woodland, , ,Ecosystems with frequent stand-initiating events,462500.000000000000000,4500.000000000000000,462500.000000000000000,4500.000000000000000,5117788.000000000000000,7,warm,ESSFdkwwarm,4599.772004481333170,447400.354671293811407,44.740035467129381
35,528,435.000000000000000,ESSF,dkw, , ,NDT3,ESSFdkw,ESSFdkw,Engelmann Spruce -- Subalpine Fir,Dry Cool Woodland, , ,Ecosystems with frequent stand-initiating events,1150000.000000000000000,9800.000000000000000,1150000.000000000000000,9800.000000000000000,5117786.000000000000000,3,cool,ESSFdkwcool,4567.918395534939918,90605.025759255659068,9.060502575925566
36,528,435.000000000000000,ESSF,dkw, , ,NDT3,ESSFdkw,ESSFdkw,Engelmann Spruce -- Subalpine Fir,Dry Cool Woodland, , ,Ecosystems with frequent stand-initiating events,1150000.000000000000000,9800.000000000000000,1150000.000000000000000,9800.000000000000000,5117786.000000000000000,5,cool,ESSFdkwcool,68.219467795660137,39.113451223339005,0.003911345122334
37,528,435.000000000000000,ESSF,dkw, , ,NDT3,ESSFdkw,ESSFdkw,Engelmann Spruce -- Subalpine Fir,Dry Cool Woodland, , ,Ecosystems with frequent stand-initiating events,1150000.000000000000000,9800.000000000000000,1150000.000000000000000,9800.000000000000000,5117786.000000000000000,7,warm,ESSFdkwwarm,10853.032038363367974,996846.386794699938037,99.684638679469998
38,529,435.000000000000000,IMA,un, , ,NDT5,IMAun,IMA un,Interior Mountain-heather Alpine,Undifferentiated, , ,Alpine Tundra and Subalpine Parkland ecosystems,310000.000000000000000,2900.000000000000000,310000.000000000000000,2900.000000000000000,5122503.000000000000000,3,cool,IMAuncool,123.582878554296300,0.187781777147670,0.000018778177715
39,532,435.000000000000000,IMA,un, , ,NDT5,IMAun,IMA un,Interior Mountain-heather Alpine,Undifferentiated, , ,Alpine Tundra and Subalpine Parkland ecosystems,310000.000000000000000,4100.000000000000000,310000.000000000000000,4100.000000000000000,5122493.000000000000000,3,cool,IMAuncool,45.575185172386945,3.017495277411872,0.000301749527741
40,536,435.000000000000000,IMA,un, , ,NDT5,IMAun,IMA un,Interior Mountain-heather Alpine,Undifferentiated, , ,Alpine Tundra and Subalpine Parkland ecosystems,340000.000000000000000,3700.000000000000000,340000.000000000000000,3700.000000000000000,5122469.000000000000000,3,cool,IMAuncool,189.418326700186896,0.220384196296312,0.000022038419630
41,539,435.000000000000000,IMA,un, , ,NDT5,IMAun,IMA un,Interior Mountain-heather Alpine,Undifferentiated, , ,Alpine Tundra and Subalpine Parkland ecosystems,150000.000000000000000,2900.000000000000000,150000.000000000000000,2900.000000000000000,5122444.000000000000000,3,cool,IMAuncool,360.481282271392047,1760.192554931849827,0.176019255493185
42,546,435.000000000000000,ICH,mk,5, ,NDT3,ICHmk5,ICH mk 5,Interior Cedar -- Hemlock,Moist Cool,Kootenay, ,Ecosystems with frequent stand-initiating events,26063493.651200000196695,58915.792600000000675,26063493.000000000000000,58916.000000000000000,5121531.000000000000000,3,cool,ICHmk5cool,115691.209545419653296,23580134.153830695897341,2358.013415383069514
43,546,435.000000000000000,ICH,mk,5, ,NDT3,ICHmk5,ICH mk 5,Interior Cedar -- Hemlock,Moist Cool,Kootenay, ,Ecosystems with frequent stand-initiating events,26063493.651200000196695,58915.792600000000675,26063493.000000000000000,58916.000000000000000,5121531.000000000000000,5,cool,ICHmk5cool,1396.403551625546470,21783.461819767664565,2.178346181976766
44,546,435.000000000000000,ICH,mk,5, ,NDT3,ICHmk5,ICH mk 5,Interior Cedar -- Hemlock,Moist Cool,Kootenay, ,Ecosystems with frequent stand-initiating events,26063493.651200000196695,58915.792600000000675,26063493.000000000000000,58916.000000000000000,5121531.000000000000000,7,warm,ICHmk5warm,70511.309310891345376,1572447.929325712146237,157.244792932571215
45,574,435.000000000000000,ESSF,dk,2, ,NDT3,ESSFdk2,ESSFdk 2,Engelmann Spruce -- Subalpine Fir,Dry Cool,Columbia, ,Ecosystems with frequent stand-initiating events,2606250.000000000000000,7552.691200000000208,2606250.000000000000000,7553.000000000000000,5117377.000000000000000,3,cool,ESSFdk2cool,8863.598878716513354,30336.299053476188419,3.033629905347619
46,574,435.000000000000000,ESSF,dk,2, ,NDT3,ESSFdk2,ESSFdk 2,Engelmann Spruce -- Subalpine Fir,Dry Cool,Columbia, ,Ecosystems with frequent stand-initiating events,2606250.000000000000000,7552.691200000000208,2606250.000000000000000,7553.000000000000000,5117377.000000000000000,5,cool,ESSFdk2cool,350.102853089293944,3125.497390422089666,0.312549739042209
47,574,435.000000000000000,ESSF,dk,2, ,NDT3,ESSFdk2,ESSFdk 2,Engelmann Spruce -- Subalpine Fir,Dry Cool,Columbia, ,Ecosystems with frequent stand-initiating events,2606250.000000000000000,7552.691200000000208,2606250.000000000000000,7553.000000000000000,5117377.000000000000000,7,warm,ESSFdk2warm,10024.014496598447295,2539038.229890606831759,253.903822989060700
48,576,435.000000000000000,ESSF,dk,2, ,NDT3,ESSFdk2,ESSFdk 2,Engelmann Spruce -- Subalpine Fir,Dry Cool,Columbia, ,Ecosystems with frequent stand-initiating events,2336250.010499999858439,8889.087299999999232,2336250.000000000000000,8889.000000000000000,5117379.000000000000000,3,cool,ESSFdk2cool,17286.105042378178041,183945.563374319928698,18.394556337431993
49,576,435.000000000000000,ESSF,dk,2, ,NDT3,ESSFdk2,ESSFdk 2,Engelmann Spruce -- Subalpine Fir,Dry Cool,Columbia, ,Ecosystems with frequent stand-initiating events,2336250.010499999858439,8889.087299999999232,2336250.000000000000000,8889.000000000000000,5117379.000000000000000,5,cool,ESSFdk2cool,993.990648379419895,3654.516208848312544,0.365451620884831
50,576,435.000000000000000,ESSF,dk,2, ,NDT3,ESSFdk2,ESSFdk 2,Engelmann Spruce -- Subalpine Fir,Dry Cool,Columbia, ,Ecosystems with frequent stand-initiating events,2336250.010499999858439,8889.087299999999232,2336250.000000000000000,8889.000000000000000,5117379.000000000000000,7,warm,ESSFdk2warm,16698.162582702934742,1905315.543801062507555,190.531554380106257
51,580,435.000000000000000,ESSF,dkp, , ,NDT5,ESSFdkp,ESSFdkp,Engelmann Spruce -- Subalpine Fir,Dry Cool Parkland, , ,Alpine Tundra and Subalpine Parkland ecosystems,2462500.000000000000000,21700.000000000000000,2462500.000000000000000,21700.000000000000000,5117577.000000000000000,3,cool,ESSFdkpcool,16698.690559859624045,925120.714075166266412,92.512071407516629
52,580,435.000000000000000,ESSF,dkp, , ,NDT5,ESSFdkp,ESSFdkp,Engelmann Spruce -- Subalpine Fir,Dry Cool Parkland, , ,Alpine Tundra and Subalpine Parkland ecosystems,2462500.000000000000000,21700.000000000000000,2462500.000000000000000,21700.000000000000000,5117577.000000000000000,5,cool,ESSFdkpcool,4702.180997199965532,85588.443798061067355,8.558844379806107
53,580,435.000000000000000,ESSF,dkp, , ,NDT5,ESSFdkp,ESSFdkp,Engelmann Spruce -- Subalpine Fir,Dry Cool Parkland, , ,Alpine Tundra and Subalpine Parkland ecosystems,2462500.000000000000000,21700.000000000000000,2462500.000000000000000,21700.000000000000000,5117577.000000000000000,7,warm,ESSFdkpwarm,17235.189522926448262,660783.806134689133614,66.078380613468923
54,581,435.000000000000000,IMA,un, , ,NDT5,IMAun,IMA un,Interior Mountain-heather Alpine,Undifferentiated, , ,Alpine Tundra and Subalpine Parkland ecosystems,162500.000000000000000,2600.000000000000000,162500.000000000000000,2600.000000000000000,5122342.000000000000000,3,cool,IMAuncool,2496.727386814930469,75726.725342075951630,7.572672534207595
55,583,435.000000000000000,IMA,un, , ,NDT5,IMAun,IMA un,Interior Mountain-heather Alpine,Undifferentiated, , ,Alpine Tundra and Subalpine Parkland ecosystems,895000.000000000000000,6600.000000000000000,895000.000000000000000,6600.000000000000000,5122360.000000000000000,3,cool,IMAuncool,68.621943425955976,53.230134333666776,0.005323013433367
56,587,435.000000000000000,IMA,un, , ,NDT5,IMAun,IMA un,Interior Mountain-heather Alpine,Undifferentiated, , ,Alpine Tundra and Subalpine Parkland ecosystems,1473224.048399999970570,12830.259299999999712,1473224.000000000000000,12830.000000000000000,5122377.000000000000000,3,cool,IMAuncool,387.419709828728173,1412.100704805357964,0.141210070480536
57,587,435.000000000000000,IMA,un, , ,NDT5,IMAun,IMA un,Interior Mountain-heather Alpine,Undifferentiated, , ,Alpine Tundra and Subalpine Parkland ecosystems,1473224.048399999970570,12830.259299999999712,1473224.000000000000000,12830.000000000000000,5122377.000000000000000,7,warm,IMAunwarm,67.495925896210849,119.110563002649812,0.011911056300265
58,590,435.000000000000000,ESSF,dkw, , ,NDT3,ESSFdkw,ESSFdkw,Engelmann Spruce -- Subalpine Fir,Dry Cool Woodland, , ,Ecosystems with frequent stand-initiating events,36742498.592000000178814,264099.588899999973364,36742499.000000000000000,264100.000000000000000,5117787.000000000000000,3,cool,ESSFdkwcool,319712.562941127049271,16737224.937801359221339,1673.722493780135892
59,590,435.000000000000000,ESSF,dkw, , ,NDT3,ESSFdkw,ESSFdkw,Engelmann Spruce -- Subalpine Fir,Dry Cool Woodland, , ,Ecosystems with frequent stand-initiating events,36742498.592000000178814,264099.588899999973364,36742499.000000000000000,264100.000000000000000,5117787.000000000000000,5,cool,ESSFdkwcool,27129.232305597954110,609433.677927047712728,60.943367792704777
60,590,435.000000000000000,ESSF,dkw, , ,NDT3,ESSFdkw,ESSFdkw,Engelmann Spruce -- Subalpine Fir,Dry Cool Woodland, , ,Ecosystems with frequent stand-initiating events,36742498.592000000178814,264099.588899999973364,36742499.000000000000000,264100.000000000000000,5117787.000000000000000,7,warm,ESSFdkwwarm,211840.681813222035998,6959118.493162245489657,695.911849316224561
61,591,435.000000000000000,ESSF,dkp, , ,NDT5,ESSFdkp,ESSFdkp,Engelmann Spruce -- Subalpine Fir,Dry Cool Parkland, , ,Alpine Tundra and Subalpine Parkland ecosystems,2892500.000000000000000,19600.000000000000000,2892500.000000000000000,19600.000000000000000,5117592.000000000000000,3,cool,ESSFdkpcool,12166.716531507692707,373871.943770135927480,37.387194377013593
62,591,435.000000000000000,ESSF,dkp, , ,NDT5,ESSFdkp,ESSFdkp,Engelmann Spruce -- Subalpine Fir,Dry Cool Parkland, , ,Alpine Tundra and Subalpine Parkland ecosystems,2892500.000000000000000,19600.000000000000000,2892500.000000000000000,19600.000000000000000,5117592.000000000000000,5,cool,ESSFdkpcool,4987.677685424283482,139610.045720091875410,13.961004572009188
63,591,435.000000000000000,ESSF,dkp, , ,NDT5,ESSFdkp,ESSFdkp,Engelmann Spruce -- Subalpine Fir,Dry Cool Parkland, , ,Alpine Tundra and Subalpine Parkland ecosystems,2892500.000000000000000,19600.000000000000000,2892500.000000000000000,19600.000000000000000,5117592.000000000000000,7,warm,ESSFdkpwarm,13849.952220127961482,349730.056974124861881,34.973005697412489
64,593,435.000000000000000,ESSF,dkp, , ,NDT5,ESSFdkp,ESSFdkp,Engelmann Spruce -- Subalpine Fir,Dry Cool Parkland, , ,Alpine Tundra and Subalpine Parkland ecosystems,16337505.578500000759959,141199.681500000006054,16337506.000000000000000,141200.000000000000000,5117602.000000000000000,3,cool,ESSFdkpcool,96974.214710250991629,3886195.221950388047844,388.619522195038826
65,593,435.000000000000000,ESSF,dkp, , ,NDT5,ESSFdkp,ESSFdkp,Engelmann Spruce -- Subalpine Fir,Dry Cool Parkland, , ,Alpine Tundra and Subalpine Parkland ecosystems,16337505.578500000759959,141199.681500000006054,16337506.000000000000000,141200.000000000000000,5117602.000000000000000,5,cool,ESSFdkpcool,1856.861247940394605,24132.259235620986146,2.413225923562099
66,593,435.000000000000000,ESSF,dkp, , ,NDT5,ESSFdkp,ESSFdkp,Engelmann Spruce -- Subalpine Fir,Dry Cool Parkland, , ,Alpine Tundra and Subalpine Parkland ecosystems,16337505.578500000759959,141199.681500000006054,16337506.000000000000000,141200.000000000000000,5117602.000000000000000,7,warm,ESSFdkpwarm,16699.223890094763192,334125.213402006775141,33.412521340200676
67,594,435.000000000000000,IMA,un, , ,NDT5,IMAun,IMA un,Interior Mountain-heather Alpine,Undifferentiated, , ,Alpine Tundra and Subalpine Parkland ecosystems,145000.000000000000000,2100.000000000000000,145000.000000000000000,2100.000000000000000,5122398.000000000000000,3,cool,IMAuncool,184.523951740420131,1798.998380187614657,0.179899838018761
68,595,435.000000000000000,IMA,un, , ,NDT5,IMAun,IMA un,Interior Mountain-heather Alpine,Undifferentiated, , ,Alpine Tundra and Subalpine Parkland ecosystems,675000.000000000000000,5100.000000000000000,675000.000000000000000,5100.000000000000000,5122406.000000000000000,3,cool,IMAuncool,784.116253021709213,5248.680161934488751,0.524868016193449
69,597,435.000000000000000,IMA,un, , ,NDT5,IMAun,IMA un,Interior Mountain-heather Alpine,Undifferentiated, , ,Alpine Tundra and Subalpine Parkland ecosystems,132500.000000000000000,2400.000000000000000,132500.000000000000000,2400.000000000000000,5122413.000000000000000,3,cool,IMAuncool,611.224255107324893,14918.855254092042742,1.491885525409204
70,598,435.000000000000000,IMA,un, , ,NDT5,IMAun,IMA un,Interior Mountain-heather Alpine,Undifferentiated, , ,Alpine Tundra and Subalpine Parkland ecosystems,315000.000000000000000,3300.000000000000000,315000.000000000000000,3300.000000000000000,5122419.000000000000000,3,cool,IMAuncool,23.749283589513865,9.775203475371656,0.000977520347537
71,599,435.000000000000000,IMA,un, , ,NDT5,IMAun,IMA un,Interior Mountain-heather Alpine,Undifferentiated, , ,Alpine Tundra and Subalpine Parkland ecosystems,1140000.000000000000000,9500.000000000000000,1140000.000000000000000,9500.000000000000000,5122427.000000000000000,3,cool,IMAuncool,568.509329218700600,9259.934452795670950,0.925993445279567
72,600,435.000000000000000,ESSF,dk,2, ,NDT3,ESSFdk2,ESSFdk 2,Engelmann Spruce -- Subalpine Fir,Dry Cool,Columbia, ,Ecosystems with frequent stand-initiating events,1451250.300000000046566,7279.036799999999857,1451250.000000000000000,7279.000000000000000,5117382.000000000000000,3,cool,ESSFdk2cool,10704.068843258717607,30411.033177868674102,3.041103317786868
73,600,435.000000000000000,ESSF,dk,2, ,NDT3,ESSFdk2,ESSFdk 2,Engelmann Spruce -- Subalpine Fir,Dry Cool,Columbia, ,Ecosystems with frequent stand-initiating events,1451250.300000000046566,7279.036799999999857,1451250.000000000000000,7279.000000000000000,5117382.000000000000000,5,cool,ESSFdk2cool,935.813945281635370,8878.026891127190538,0.887802689112719
74,600,435.000000000000000,ESSF,dk,2, ,NDT3,ESSFdk2,ESSFdk 2,Engelmann Spruce -- Subalpine Fir,Dry Cool,Columbia, ,Ecosystems with frequent stand-initiating events,1451250.300000000046566,7279.036799999999857,1451250.000000000000000,7279.000000000000000,5117382.000000000000000,7,warm,ESSFdk2warm,12122.958959427707669,1284142.442656056024134,128.414244265605618
75,603,435.000000000000000,IMA,un, , ,NDT5,IMAun,IMA un,Interior Mountain-heather Alpine,Undifferentiated, , ,Alpine Tundra and Subalpine Parkland ecosystems,350000.000000000000000,4100.000000000000000,350000.000000000000000,4100.000000000000000,5122438.000000000000000,3,cool,IMAuncool,839.830676070803406,5138.898031467133478,0.513889803146713
76,638,435.000000000000000,ESSF,dkw, , ,NDT3,ESSFdkw,ESSFdkw,Engelmann Spruce -- Subalpine Fir,Dry Cool Woodland, , ,Ecosystems with frequent stand-initiating events,37104421.639600001275539,273974.678799999994226,37104422.000000000000000,273975.000000000000000,5117773.000000000000000,3,cool,ESSFdkwcool,304380.312378140690271,15336011.824032435193658,1533.601182403243683
77,638,435.000000000000000,ESSF,dkw, , ,NDT3,ESSFdkw,ESSFdkw,Engelmann Spruce -- Subalpine Fir,Dry Cool Woodland, , ,Ecosystems with frequent stand-initiating events,37104421.639600001275539,273974.678799999994226,37104422.000000000000000,273975.000000000000000,5117773.000000000000000,5,cool,ESSFdkwcool,11371.187429377934677,172410.079945139790652,17.241007994513978
78,638,435.000000000000000,ESSF,dkw, , ,NDT3,ESSFdkw,ESSFdkw,Engelmann Spruce -- Subalpine Fir,Dry Cool Woodland, , ,Ecosystems with frequent stand-initiating events,37104421.639600001275539,273974.678799999994226,37104422.000000000000000,273975.000000000000000,5117773.000000000000000,6,warm,ESSFdkwwarm,57749.033657075735391,1848929.959147055633366,184.892995914705580
79,638,435.000000000000000,ESSF,dkw, , ,NDT3,ESSFdkw,ESSFdkw,Engelmann Spruce -- Subalpine Fir,Dry Cool Woodland, , ,Ecosystems with frequent stand-initiating events,37104421.639600001275539,273974.678799999994226,37104422.000000000000000,273975.000000000000000,5117773.000000000000000,7,warm,ESSFdkwwarm,109118.893560649157735,2521220.553996002301574,252.122055399600242
80,639,435.000000000000000,ICH,mk,5, ,NDT3,ICHmk5,ICH mk 5,Interior Cedar -- Hemlock,Moist Cool,Kootenay, ,Ecosystems with frequent stand-initiating events,30823461.449099998921156,64899.514400000000023,30823461.000000000000000,64900.000000000000000,5121527.000000000000000,3,cool,ICHmk5cool,165142.572921801445773,18856743.388565495610237,1885.674338856549639
81,639,435.000000000000000,ICH,mk,5, ,NDT3,ICHmk5,ICH mk 5,Interior Cedar -- Hemlock,Moist Cool,Kootenay, ,Ecosystems with frequent stand-initiating events,30823461.449099998921156,64899.514400000000023,30823461.000000000000000,64900.000000000000000,5121527.000000000000000,5,cool,ICHmk5cool,22306.703653746422788,272097.521794703789055,27.209752179470382
82,639,435.000000000000000,ICH,mk,5, ,NDT3,ICHmk5,ICH mk 5,Interior Cedar -- Hemlock,Moist Cool,Kootenay, ,Ecosystems with frequent stand-initiating events,30823461.449099998921156,64899.514400000000023,30823461.000000000000000,64900.000000000000000,5121527.000000000000000,6,warm,ICHmk5warm,66928.060953069027164,3189777.483851069118828,318.977748385106906
83,639,435.000000000000000,ICH,mk,5, ,NDT3,ICHmk5,ICH mk 5,Interior Cedar -- Hemlock,Moist Cool,Kootenay, ,Ecosystems with frequent stand-initiating events,30823461.449099998921156,64899.514400000000023,30823461.000000000000000,64900.000000000000000,5121527.000000000000000,7,warm,ICHmk5warm,97758.159036416516756,6454831.102006861940026,645.483110200686269
84,640,435.000000000000000,ESSF,dkp, , ,NDT5,ESSFdkp,ESSFdkp,Engelmann Spruce -- Subalpine Fir,Dry Cool Parkland, , ,Alpine Tundra and Subalpine Parkland ecosystems,190000.000000000000000,3000.000000000000000,190000.000000000000000,3000.000000000000000,5117530.000000000000000,3,cool,ESSFdkpcool,1706.301292104398044,75158.654782436526148,7.515865478243653
85,641,435.000000000000000,ESSF,dkp, , ,NDT5,ESSFdkp,ESSFdkp,Engelmann Spruce -- Subalpine Fir,Dry Cool Parkland, , ,Alpine Tundra and Subalpine Parkland ecosystems,5110000.000000000000000,53100.000000000000000,5110000.000000000000000,53100.000000000000000,5117543.000000000000000,3,cool,ESSFdkpcool,11814.206808061262564,218610.077701836184133,21.861007770183619
86,641,435.000000000000000,ESSF,dkp, , ,NDT5,ESSFdkp,ESSFdkp,Engelmann Spruce -- Subalpine Fir,Dry Cool Parkland, , ,Alpine Tundra and Subalpine Parkland ecosystems,5110000.000000000000000,53100.000000000000000,5110000.000000000000000,53100.000000000000000,5117543.000000000000000,7,warm,ESSFdkpwarm,123.996711861566425,332.790966796031114,0.033279096679603
87,643,435.000000000000000,ESSF,dkp, , ,NDT5,ESSFdkp,ESSFdkp,Engelmann Spruce -- Subalpine Fir,Dry Cool Parkland, , ,Alpine Tundra and Subalpine Parkland ecosystems,9680355.794800000265241,79965.239300000001094,9680356.000000000000000,79965.000000000000000,5117562.000000000000000,3,cool,ESSFdkpcool,45841.417125393294555,1502083.210290485760197,150.208321029048591
88,644,435.000000000000000,IMA,un, , ,NDT5,IMAun,IMA un,Interior Mountain-heather Alpine,Undifferentiated, , ,Alpine Tundra and Subalpine Parkland ecosystems,1202422.875999999931082,9696.400400000000445,1202423.000000000000000,9696.000000000000000,5122265.000000000000000,3,cool,IMAuncool,248.473015133739182,1839.504086578297347,0.183950408657830
89,645,435.000000000000000,ESSF,dkw, , ,NDT3,ESSFdkw,ESSFdkw,Engelmann Spruce -- Subalpine Fir,Dry Cool Woodland, , ,Ecosystems with frequent stand-initiating events,1164999.984500000020489,9699.934699999999793,1165000.000000000000000,9700.000000000000000,5117763.000000000000000,3,cool,ESSFdkwcool,13339.699285018465162,644093.036198362824507,64.409303619836280
90,645,435.000000000000000,ESSF,dkw, , ,NDT3,ESSFdkw,ESSFdkw,Engelmann Spruce -- Subalpine Fir,Dry Cool Woodland, , ,Ecosystems with frequent stand-initiating events,1164999.984500000020489,9699.934699999999793,1165000.000000000000000,9700.000000000000000,5117763.000000000000000,7,warm,ESSFdkwwarm,4652.308493506899140,83515.841227404918754,8.351584122740492
91,646,435.000000000000000,ESSF,dkp, , ,NDT5,ESSFdkp,ESSFdkp,Engelmann Spruce -- Subalpine Fir,Dry Cool Parkland, , ,Alpine Tundra and Subalpine Parkland ecosystems,120000.000000000000000,2000.000000000000000,120000.000000000000000,2000.000000000000000,5117545.000000000000000,3,cool,ESSFdkpcool,2148.106609469964042,70716.898122262311517,7.071689812226231
92,647,435.000000000000000,ESSF,dkw, , ,NDT3,ESSFdkw,ESSFdkw,Engelmann Spruce -- Subalpine Fir,Dry Cool Woodland, , ,Ecosystems with frequent stand-initiating events,2424313.065599999856204,17274.652300000001560,2424313.000000000000000,17275.000000000000000,5117764.000000000000000,3,cool,ESSFdkwcool,19213.283669954500510,896683.397448714124039,89.668339744871417
93,647,435.000000000000000,ESSF,dkw, , ,NDT3,ESSFdkw,ESSFdkw,Engelmann Spruce -- Subalpine Fir,Dry Cool Woodland, , ,Ecosystems with frequent stand-initiating events,2424313.065599999856204,17274.652300000001560,2424313.000000000000000,17275.000000000000000,5117764.000000000000000,7,warm,ESSFdkwwarm,7858.210737546145538,197727.784471663500881,19.772778447166353
94,648,435.000000000000000,ESSF,dkp, , ,NDT5,ESSFdkp,ESSFdkp,Engelmann Spruce -- Subalpine Fir,Dry Cool Parkland, , ,Alpine Tundra and Subalpine Parkland ecosystems,815000.000000000000000,9400.000000000000000,815000.000000000000000,9400.000000000000000,5117550.000000000000000,3,cool,ESSFdkpcool,1335.447312178147286,28051.641387242663768,2.805164138724267
95,650,435.000000000000000,ESSF,dkp, , ,NDT5,ESSFdkp,ESSFdkp,Engelmann Spruce -- Subalpine Fir,Dry Cool Parkland, , ,Alpine Tundra and Subalpine Parkland ecosystems,362500.000000000000000,4100.000000000000000,362500.000000000000000,4100.000000000000000,5117549.000000000000000,3,cool,ESSFdkpcool,3799.297104199120895,160554.134727481810842,16.055413472748182
96,652,435.000000000000000,ESSF,dkw, , ,NDT3,ESSFdkw,ESSFdkw,Engelmann Spruce -- Subalpine Fir,Dry Cool Woodland, , ,Ecosystems with frequent stand-initiating events,1542500.000000000000000,11800.000000000000000,1542500.000000000000000,11800.000000000000000,5117767.000000000000000,3,cool,ESSFdkwcool,16482.702885515114758,884561.642851489246823,88.456164285148930
97,652,435.000000000000000,ESSF,dkw, , ,NDT3,ESSFdkw,ESSFdkw,Engelmann Spruce -- Subalpine Fir,Dry Cool Woodland, , ,Ecosystems with frequent stand-initiating events,1542500.000000000000000,11800.000000000000000,1542500.000000000000000,11800.000000000000000,5117767.000000000000000,5,cool,ESSFdkwcool,1207.740169765060273,19004.679393831109337,1.900467939383111
98,652,435.000000000000000,ESSF,dkw, , ,NDT3,ESSFdkw,ESSFdkw,Engelmann Spruce -- Subalpine Fir,Dry Cool Woodland, , ,Ecosystems with frequent stand-initiating events,1542500.000000000000000,11800.000000000000000,1542500.000000000000000,11800.000000000000000,5117767.000000000000000,7,warm,ESSFdkwwarm,7375.273200353458378,152365.311780142597854,15.236531178014260
99,653,435.000000000000000,ESSF,dkp, , ,NDT5,ESSFdkp,ESSFdkp,Engelmann Spruce -- Subalpine Fir,Dry Cool Parkland, , ,Alpine Tundra and Subalpine Parkland ecosystems,285000.000000000000000,2900.000000000000000,285000.000000000000000,2900.000000000000000,5117555.000000000000000,3,cool,ESSFdkpcool,2391.117773560049500,60049.173516715723963,6.004917351671573
100,654,435.000000000000000,ESSF,dkp, , ,NDT5,ESSFdkp,ESSFdkp,Engelmann Spruce -- Subalpine Fir,Dry Cool Parkland, , ,Alpine Tundra and Subalpine Parkland ecosystems,115001.125000000000000,1800.045000000000073,115001.000000000000000,1800.000000000000000,5117559.000000000000000,3,cool,ESSFdkpcool,1471.384232135265393,34572.203311150296940,3.457220331115030
101,655,435.000000000000000,ESSF,dkw, , ,NDT3,ESSFdkw,ESSFdkw,Engelmann Spruce -- Subalpine Fir,Dry Cool Woodland, , ,Ecosystems with frequent stand-initiating events,550000.000000000000000,4200.000000000000000,550000.000000000000000,4200.000000000000000,5117768.000000000000000,5,cool,ESSFdkwcool,1194.281604264487441,5232.369681287936146,0.523236968128794
102,655,435.000000000000000,ESSF,dkw, , ,NDT3,ESSFdkw,ESSFdkw,Engelmann Spruce -- Subalpine Fir,Dry Cool Woodland, , ,Ecosystems with frequent stand-initiating events,550000.000000000000000,4200.000000000000000,550000.000000000000000,4200.000000000000000,5117768.000000000000000,7,warm,ESSFdkwwarm,4584.183361701034300,528619.735217461246066,52.861973521746130
103,656,435.000000000000000,ESSF,dkp, , ,NDT5,ESSFdkp,ESSFdkp,Engelmann Spruce -- Subalpine Fir,Dry Cool Parkland, , ,Alpine Tundra and Subalpine Parkland ecosystems,2900000.000000000000000,25100.000000000000000,2900000.000000000000000,25100.000000000000000,5117571.000000000000000,3,cool,ESSFdkpcool,26675.711867408321268,890286.155720782116987,89.028615572078209
104,657,435.000000000000000,ESSF,dkw, , ,NDT3,ESSFdkw,ESSFdkw,Engelmann Spruce -- Subalpine Fir,Dry Cool Woodland, , ,Ecosystems with frequent stand-initiating events,3305000.000000000000000,23800.000000000000000,3305000.000000000000000,23800.000000000000000,5117772.000000000000000,3,cool,ESSFdkwcool,34799.016040318289015,2367573.189202265813947,236.757318920226595
105,657,435.000000000000000,ESSF,dkw, , ,NDT3,ESSFdkw,ESSFdkw,Engelmann Spruce -- Subalpine Fir,Dry Cool Woodland, , ,Ecosystems with frequent stand-initiating events,3305000.000000000000000,23800.000000000000000,3305000.000000000000000,23800.000000000000000,5117772.000000000000000,5,cool,ESSFdkwcool,62.996685716707695,158.613109568749650,0.015861310956875
106,657,435.000000000000000,ESSF,dkw, , ,NDT3,ESSFdkw,ESSFdkw,Engelmann Spruce -- Subalpine Fir,Dry Cool Woodland, , ,Ecosystems with frequent stand-initiating events,3305000.000000000000000,23800.000000000000000,3305000.000000000000000,23800.000000000000000,5117772.000000000000000,7,warm,ESSFdkwwarm,12377.666981413689427,208813.945537408610107,20.881394553740861
107,658,435.000000000000000,ESSF,dkp, , ,NDT5,ESSFdkp,ESSFdkp,Engelmann Spruce -- Subalpine Fir,Dry Cool Parkland, , ,Alpine Tundra and Subalpine Parkland ecosystems,1085000.000000000000000,9200.000000000000000,1085000.000000000000000,9200.000000000000000,5117568.000000000000000,3,cool,ESSFdkpcool,12522.316546133213706,424177.050640760047827,42.417705064076010
108,664,435.000000000000000,MS,dk, , ,NDT3,MSdk,MS  dk,Montane Spruce,Dry Cool, , ,Ecosystems with frequent stand-initiating events,268504707.642499983310699,438054.447700000018813,268504708.000000000000000,438054.000000000000000,5125155.000000000000000,3,cool,MSdkcool,74003.665532620332669,10178108.212573710829020,1017.810821257371117
109,664,435.000000000000000,MS,dk, , ,NDT3,MSdk,MS  dk,Montane Spruce,Dry Cool, , ,Ecosystems with frequent stand-initiating events,268504707.642499983310699,438054.447700000018813,268504708.000000000000000,438054.000000000000000,5125155.000000000000000,5,cool,MSdkcool,2350.106422775784722,31876.003138748797937,3.187600313874880
110,664,435.000000000000000,MS,dk, , ,NDT3,MSdk,MS  dk,Montane Spruce,Dry Cool, , ,Ecosystems with frequent stand-initiating events,268504707.642499983310699,438054.447700000018813,268504708.000000000000000,438054.000000000000000,5125155.000000000000000,6,warm,MSdkwarm,28164.188679613569548,1015182.896597347571515,101.518289659734762
111,664,435.000000000000000,MS,dk, , ,NDT3,MSdk,MS  dk,Montane Spruce,Dry Cool, , ,Ecosystems with frequent stand-initiating events,268504707.642499983310699,438054.447700000018813,268504708.000000000000000,438054.000000000000000,5125155.000000000000000,7,warm,MSdkwarm,38162.305046680259693,725617.154285374213941,72.561715428537426
112,682,435.000000000000000,ICH,mk,5, ,NDT3,ICHmk5,ICH mk 5,Interior Cedar -- Hemlock,Moist Cool,Kootenay, ,Ecosystems with frequent stand-initiating events,69368773.163499996066093,134404.682499999995343,69368773.000000000000000,134405.000000000000000,5121526.000000000000000,3,cool,ICHmk5cool,59212.111608052560769,4870711.628460398875177,487.071162846039897
113,682,435.000000000000000,ICH,mk,5, ,NDT3,ICHmk5,ICH mk 5,Interior Cedar -- Hemlock,Moist Cool,Kootenay, ,Ecosystems with frequent stand-initiating events,69368773.163499996066093,134404.682499999995343,69368773.000000000000000,134405.000000000000000,5121526.000000000000000,5,cool,ICHmk5cool,7871.191941673156180,217421.895156846672762,21.742189515684668
114,682,435.000000000000000,ICH,mk,5, ,NDT3,ICHmk5,ICH mk 5,Interior Cedar -- Hemlock,Moist Cool,Kootenay, ,Ecosystems with frequent stand-initiating events,69368773.163499996066093,134404.682499999995343,69368773.000000000000000,134405.000000000000000,5121526.000000000000000,6,warm,ICHmk5warm,54918.078829799895175,3565878.903423522133380,356.587890342352239
115,684,435.000000000000000,ESSF,dk,2, ,NDT3,ESSFdk2,ESSFdk 2,Engelmann Spruce -- Subalpine Fir,Dry Cool,Columbia, ,Ecosystems with frequent stand-initiating events,3351334.627199999988079,15560.973599999999351,3351335.000000000000000,15561.000000000000000,5117370.000000000000000,3,cool,ESSFdk2cool,3829.239625661663013,14715.030622647844211,1.471503062264784
116,684,435.000000000000000,ESSF,dk,2, ,NDT3,ESSFdk2,ESSFdk 2,Engelmann Spruce -- Subalpine Fir,Dry Cool,Columbia, ,Ecosystems with frequent stand-initiating events,3351334.627199999988079,15560.973599999999351,3351335.000000000000000,15561.000000000000000,5117370.000000000000000,5,cool,ESSFdk2cool,866.077768667139821,13859.469151765908464,1.385946915176591
117,684,435.000000000000000,ESSF,dk,2, ,NDT3,ESSFdk2,ESSFdk 2,Engelmann Spruce -- Subalpine Fir,Dry Cool,Columbia, ,Ecosystems with frequent stand-initiating events,3351334.627199999988079,15560.973599999999351,3351335.000000000000000,15561.000000000000000,5117370.000000000000000,6,warm,ESSFdk2warm,8402.632131135114832,737039.731633797055110,73.703973163379715
118,701,435.000000000000000,ESSF,dkw, , ,NDT3,ESSFdkw,ESSFdkw,Engelmann Spruce -- Subalpine Fir,Dry Cool Woodland, , ,Ecosystems with frequent stand-initiating events,7430000.000000000000000,46900.000000000000000,7430000.000000000000000,46900.000000000000000,5117765.000000000000000,3,cool,ESSFdkwcool,67947.931897851187387,3888977.832230998668820,388.897783223099907
119,701,435.000000000000000,ESSF,dkw, , ,NDT3,ESSFdkw,ESSFdkw,Engelmann Spruce -- Subalpine Fir,Dry Cool Woodland, , ,Ecosystems with frequent stand-initiating events,7430000.000000000000000,46900.000000000000000,7430000.000000000000000,46900.000000000000000,5117765.000000000000000,5,cool,ESSFdkwcool,615.088142689442179,7330.214560361243457,0.733021456036124
120,701,435.000000000000000,ESSF,dkw, , ,NDT3,ESSFdkw,ESSFdkw,Engelmann Spruce -- Subalpine Fir,Dry Cool Woodland, , ,Ecosystems with frequent stand-initiating events,7430000.000000000000000,46900.000000000000000,7430000.000000000000000,46900.000000000000000,5117765.000000000000000,7,warm,ESSFdkwwarm,27144.592217391840677,511409.633523391734343,51.140963352339178
121,703,435.000000000000000,ESSF,dkp, , ,NDT5,ESSFdkp,ESSFdkp,Engelmann Spruce -- Subalpine Fir,Dry Cool Parkland, , ,Alpine Tundra and Subalpine Parkland ecosystems,1090000.000000000000000,8100.000000000000000,1090000.000000000000000,8100.000000000000000,5117544.000000000000000,3,cool,ESSFdkpcool,6863.207805858544816,190596.971634910412831,19.059697163491041
122,732,435.000000000000000,ICH,mk,5, ,NDT3,ICHmk5,ICH mk 5,Interior Cedar -- Hemlock,Moist Cool,Kootenay, ,Ecosystems with frequent stand-initiating events,90663324.988199993968010,148070.347700000012992,90663325.000000000000000,148070.000000000000000,5121533.000000000000000,3,cool,ICHmk5cool,191941.383400357386563,33723564.313740916550159,3372.356431374091699
123,732,435.000000000000000,ICH,mk,5, ,NDT3,ICHmk5,ICH mk 5,Interior Cedar -- Hemlock,Moist Cool,Kootenay, ,Ecosystems with frequent stand-initiating events,90663324.988199993968010,148070.347700000012992,90663325.000000000000000,148070.000000000000000,5121533.000000000000000,5,cool,ICHmk5cool,8559.819820466014789,155193.225776651990600,15.519322577665200
124,732,435.000000000000000,ICH,mk,5, ,NDT3,ICHmk5,ICH mk 5,Interior Cedar -- Hemlock,Moist Cool,Kootenay, ,Ecosystems with frequent stand-initiating events,90663324.988199993968010,148070.347700000012992,90663325.000000000000000,148070.000000000000000,5121533.000000000000000,7,warm,ICHmk5warm,111438.557302222194267,4794978.658155807293952,479.497865815580781
125,741,435.000000000000000,IDF,xk, , ,NDT4,IDFxk,IDF xk,Interior Douglas-fir,Very Dry Cool, , ,Ecosystems with frequent stand-maintaining fires,381160696.818000018596649,241631.006599999993341,381160697.000000000000000,241631.000000000000000,5121908.000000000000000,3,cool,IDFxkcool,1281297.383954531745985,46703980.535997360944748,4670.398053599736159
126,741,435.000000000000000,IDF,xk, , ,NDT4,IDFxk,IDF xk,Interior Douglas-fir,Very Dry Cool, , ,Ecosystems with frequent stand-maintaining fires,381160696.818000018596649,241631.006599999993341,381160697.000000000000000,241631.000000000000000,5121908.000000000000000,5,cool,IDFxkcool,723636.833778765518218,18315137.103318184614182,1831.513710331818629
127,741,435.000000000000000,IDF,xk, , ,NDT4,IDFxk,IDF xk,Interior Douglas-fir,Very Dry Cool, , ,Ecosystems with frequent stand-maintaining fires,381160696.818000018596649,241631.006599999993341,381160697.000000000000000,241631.000000000000000,5121908.000000000000000,6,warm,IDFxkwarm,201670.380186763999518,12297354.208905290812254,1229.735420890529213
128,741,435.000000000000000,IDF,xk, , ,NDT4,IDFxk,IDF xk,Interior Douglas-fir,Very Dry Cool, , ,Ecosystems with frequent stand-maintaining fires,381160696.818000018596649,241631.006599999993341,381160697.000000000000000,241631.000000000000000,5121908.000000000000000,7,warm,IDFxkwarm,1938913.506109047913924,154236301.671617418527603,15423.630167161742065
129,742,435.000000000000000,ESSF,dk,2, ,NDT3,ESSFdk2,ESSFdk 2,Engelmann Spruce -- Subalpine Fir,Dry Cool,Columbia, ,Ecosystems with frequent stand-initiating events,234726229.163300007581711,729901.944999999948777,234726229.000000000000000,729902.000000000000000,5117381.000000000000000,3,cool,ESSFdk2cool,1508209.602321297628805,33959830.960375502705574,3395.983096037550240
130,742,435.000000000000000,ESSF,dk,2, ,NDT3,ESSFdk2,ESSFdk 2,Engelmann Spruce -- Subalpine Fir,Dry Cool,Columbia, ,Ecosystems with frequent stand-initiating events,234726229.163300007581711,729901.944999999948777,234726229.000000000000000,729902.000000000000000,5117381.000000000000000,5,cool,ESSFdk2cool,342228.438642038207036,8586527.809759257361293,858.652780975925793
131,742,435.000000000000000,ESSF,dk,2, ,NDT3,ESSFdk2,ESSFdk 2,Engelmann Spruce -- Subalpine Fir,Dry Cool,Columbia, ,Ecosystems with frequent stand-initiating events,234726229.163300007581711,729901.944999999948777,234726229.000000000000000,729902.000000000000000,5117381.000000000000000,6,warm,ESSFdk2warm,267749.624743503227364,33706561.251225329935551,3370.656125122533012
132,742,435.000000000000000,ESSF,dk,2, ,NDT3,ESSFdk2,ESSFdk 2,Engelmann Spruce -- Subalpine Fir,Dry Cool,Columbia, ,Ecosystems with frequent stand-initiating events,234726229.163300007581711,729901.944999999948777,234726229.000000000000000,729902.000000000000000,5117381.000000000000000,7,warm,ESSFdk2warm,1565831.171511943684891,123267345.684127420186996,12326.734568412743101
133,743,435.000000000000000,ESSF,dkw, , ,NDT3,ESSFdkw,ESSFdkw,Engelmann Spruce -- Subalpine Fir,Dry Cool Woodland, , ,Ecosystems with frequent stand-initiating events,27692495.500000000000000,210899.820199999987381,27692496.000000000000000,210900.000000000000000,5117778.000000000000000,3,cool,ESSFdkwcool,260981.666147311305394,13128593.134627617895603,1312.859313462761747
134,743,435.000000000000000,ESSF,dkw, , ,NDT3,ESSFdkw,ESSFdkw,Engelmann Spruce -- Subalpine Fir,Dry Cool Woodland, , ,Ecosystems with frequent stand-initiating events,27692495.500000000000000,210899.820199999987381,27692496.000000000000000,210900.000000000000000,5117778.000000000000000,5,cool,ESSFdkwcool,24914.432046312045713,545905.804236630327068,54.590580423663035
135,743,435.000000000000000,ESSF,dkw, , ,NDT3,ESSFdkw,ESSFdkw,Engelmann Spruce -- Subalpine Fir,Dry Cool Woodland, , ,Ecosystems with frequent stand-initiating events,27692495.500000000000000,210899.820199999987381,27692496.000000000000000,210900.000000000000000,5117778.000000000000000,7,warm,ESSFdkwwarm,157197.136627961619524,5125145.285772178322077,512.514528577217902
136,745,435.000000000000000,ESSF,dkp, , ,NDT5,ESSFdkp,ESSFdkp,Engelmann Spruce -- Subalpine Fir,Dry Cool Parkland, , ,Alpine Tundra and Subalpine Parkland ecosystems,11309275.951600000262260,100730.259300000005169,11309276.000000000000000,100730.000000000000000,5117583.000000000000000,3,cool,ESSFdkpcool,78483.799066147927078,2526713.445780633017421,252.671344578063326
137,745,435.000000000000000,ESSF,dkp, , ,NDT5,ESSFdkp,ESSFdkp,Engelmann Spruce -- Subalpine Fir,Dry Cool Parkland, , ,Alpine Tundra and Subalpine Parkland ecosystems,11309275.951600000262260,100730.259300000005169,11309276.000000000000000,100730.000000000000000,5117583.000000000000000,5,cool,ESSFdkpcool,304.137352546572913,1313.448470614380312,0.131344847061438
138,745,435.000000000000000,ESSF,dkp, , ,NDT5,ESSFdkp,ESSFdkp,Engelmann Spruce -- Subalpine Fir,Dry Cool Parkland, , ,Alpine Tundra and Subalpine Parkland ecosystems,11309275.951600000262260,100730.259300000005169,11309276.000000000000000,100730.000000000000000,5117583.000000000000000,7,warm,ESSFdkpwarm,18773.971951269013516,527061.918627230916172,52.706191862723095
139,749,435.000000000000000,ESSF,dkw, , ,NDT3,ESSFdkw,ESSFdkw,Engelmann Spruce -- Subalpine Fir,Dry Cool Woodland, , ,Ecosystems with frequent stand-initiating events,3690000.000000000000000,24700.000000000000000,3690000.000000000000000,24700.000000000000000,5117775.000000000000000,3,cool,ESSFdkwcool,39964.974101461222745,2492531.660388238728046,249.253166038823878
140,749,435.000000000000000,ESSF,dkw, , ,NDT3,ESSFdkw,ESSFdkw,Engelmann Spruce -- Subalpine Fir,Dry Cool Woodland, , ,Ecosystems with frequent stand-initiating events,3690000.000000000000000,24700.000000000000000,3690000.000000000000000,24700.000000000000000,5117775.000000000000000,5,cool,ESSFdkwcool,165.689701643858967,1676.047204555595954,0.167604720455560
141,749,435.000000000000000,ESSF,dkw, , ,NDT3,ESSFdkw,ESSFdkw,Engelmann Spruce -- Subalpine Fir,Dry Cool Woodland, , ,Ecosystems with frequent stand-initiating events,3690000.000000000000000,24700.000000000000000,3690000.000000000000000,24700.000000000000000,5117775.000000000000000,7,warm,ESSFdkwwarm,16150.589412927791273,250734.447171286883531,25.073444717128691
142,751,435.000000000000000,ESSF,dkp, , ,NDT5,ESSFdkp,ESSFdkp,Engelmann Spruce -- Subalpine Fir,Dry Cool Parkland, , ,Alpine Tundra and Subalpine Parkland ecosystems,912500.000000000000000,8900.000000000000000,912500.000000000000000,8900.000000000000000,5117573.000000000000000,3,cool,ESSFdkpcool,6793.903014266065838,129597.490888744054246,12.959749088874407
143,758,435.000000000000000,ESSF,dkp, , ,NDT5,ESSFdkp,ESSFdkp,Engelmann Spruce -- Subalpine Fir,Dry Cool Parkland, , ,Alpine Tundra and Subalpine Parkland ecosystems,317500.000000000000000,3300.000000000000000,317500.000000000000000,3300.000000000000000,5117569.000000000000000,3,cool,ESSFdkpcool,3350.323734650931783,115182.279784243190079,11.518227978424319
144,940,435.000000000000000,MS,dk, , ,NDT3,MSdk,MS  dk,Montane Spruce,Dry Cool, , ,Ecosystems with frequent stand-initiating events,2158435479.868599891662598,2412945.209600000176579,2158435481.000000000000000,2412945.000000000000000,5125159.000000000000000,3,cool,MSdkcool,1965369.282786485506222,381215694.939736545085907,38121.569493973656790
145,940,435.000000000000000,MS,dk, , ,NDT3,MSdk,MS  dk,Montane Spruce,Dry Cool, , ,Ecosystems with frequent stand-initiating events,2158435479.868599891662598,2412945.209600000176579,2158435481.000000000000000,2412945.000000000000000,5125159.000000000000000,5,cool,MSdkcool,571440.966804846189916,22360332.059096667915583,2236.033205909666776
146,940,435.000000000000000,MS,dk, , ,NDT3,MSdk,MS  dk,Montane Spruce,Dry Cool, , ,Ecosystems with frequent stand-initiating events,2158435479.868599891662598,2412945.209600000176579,2158435481.000000000000000,2412945.000000000000000,5125159.000000000000000,6,warm,MSdkwarm,132437.684957401565043,2005595.514646715251729,200.559551464671529
147,940,435.000000000000000,MS,dk, , ,NDT3,MSdk,MS  dk,Montane Spruce,Dry Cool, , ,Ecosystems with frequent stand-initiating events,2158435479.868599891662598,2412945.209600000176579,2158435481.000000000000000,2412945.000000000000000,5125159.000000000000000,7,warm,MSdkwarm,1882723.362986273132265,76728043.829282104969025,7672.804382928210543
148,941,435.000000000000000,IDF,dk,5, ,NDT4,IDFdk5,IDF dk 5,Interior Douglas-fir,Dry Cool,Columbia, ,Ecosystems with frequent stand-maintaining fires,769230999.129699945449829,794595.937500000000000,769230999.000000000000000,794596.000000000000000,5121849.000000000000000,3,cool,IDFdk5cool,1741890.547317647607997,204543395.402157098054886,20454.339540215711168
149,941,435.000000000000000,IDF,dk,5, ,NDT4,IDFdk5,IDF dk 5,Interior Douglas-fir,Dry Cool,Columbia, ,Ecosystems with frequent stand-maintaining fires,769230999.129699945449829,794595.937500000000000,769230999.000000000000000,794596.000000000000000,5121849.000000000000000,5,cool,IDFdk5cool,1430720.090738089988008,28099866.572715885937214,2809.986657271588683
150,941,435.000000000000000,IDF,dk,5, ,NDT4,IDFdk5,IDF dk 5,Interior Douglas-fir,Dry Cool,Columbia, ,Ecosystems with frequent stand-maintaining fires,769230999.129699945449829,794595.937500000000000,769230999.000000000000000,794596.000000000000000,5121849.000000000000000,6,warm,IDFdk5warm,44122.221024996186316,4861109.718321966938674,486.110971832196697
151,941,435.000000000000000,IDF,dk,5, ,NDT4,IDFdk5,IDF dk 5,Interior Douglas-fir,Dry Cool,Columbia, ,Ecosystems with frequent stand-maintaining fires,769230999.129699945449829,794595.937500000000000,769230999.000000000000000,794596.000000000000000,5121849.000000000000000,7,warm,IDFdk5warm,2678128.265458775684237,306147334.415300607681274,30614.733441530061100
152,952,435.000000000000000,ICH,mk,5, ,NDT3,ICHmk5,ICH mk 5,Interior Cedar -- Hemlock,Moist Cool,Kootenay, ,Ecosystems with frequent stand-initiating events,93677721.758499994874001,140646.673600000009174,93677722.000000000000000,140647.000000000000000,5121534.000000000000000,3,cool,ICHmk5cool,480414.393454018223565,40680270.022145636379719,4068.027002214563709
153,952,435.000000000000000,ICH,mk,5, ,NDT3,ICHmk5,ICH mk 5,Interior Cedar -- Hemlock,Moist Cool,Kootenay, ,Ecosystems with frequent stand-initiating events,93677721.758499994874001,140646.673600000009174,93677722.000000000000000,140647.000000000000000,5121534.000000000000000,5,cool,ICHmk5cool,85493.540634749835590,2166012.506815223023295,216.601250681522316
154,952,435.000000000000000,ICH,mk,5, ,NDT3,ICHmk5,ICH mk 5,Interior Cedar -- Hemlock,Moist Cool,Kootenay, ,Ecosystems with frequent stand-initiating events,93677721.758499994874001,140646.673600000009174,93677722.000000000000000,140647.000000000000000,5121534.000000000000000,7,warm,ICHmk5warm,548158.408585075871088,42792760.347756028175354,4279.276034775602966
155,1007,435.000000000000000,IDF,dk,5, ,NDT4,IDFdk5,IDF dk 5,Interior Douglas-fir,Dry Cool,Columbia, ,Ecosystems with frequent stand-maintaining fires,2750.858200000000124,321.901400000000024,2751.000000000000000,322.000000000000000,5121848.000000000000000,5,cool,IDFdk5cool,71.928960156472385,186.649228762196771,0.018664922876220
156,1007,435.000000000000000,IDF,dk,5, ,NDT4,IDFdk5,IDF dk 5,Interior Douglas-fir,Dry Cool,Columbia, ,Ecosystems with frequent stand-maintaining fires,2750.858200000000124,321.901400000000024,2751.000000000000000,322.000000000000000,5121848.000000000000000,7,warm,IDFdk5warm,307.634555689668275,2562.430392748872691,0.256243039274887
157,1015,435.000000000000000,MS,dw, , ,NDT3,MSdw,MS  dw,Montane Spruce,Dry Warm, , ,Ecosystems with frequent stand-initiating events,13170706.015399999916553,30334.542300000000978,13170706.000000000000000,30335.000000000000000,5125220.000000000000000,3,cool,MSdwcool,59000.994980641160510,11772381.129413120448589,1177.238112941312011
158,1015,435.000000000000000,MS,dw, , ,NDT3,MSdw,MS  dw,Montane Spruce,Dry Warm, , ,Ecosystems with frequent stand-initiating events,13170706.015399999916553,30334.542300000000978,13170706.000000000000000,30335.000000000000000,5125220.000000000000000,5,cool,MSdwcool,1571.900111937394740,37690.465797214172198,3.769046579721417
159,1015,435.000000000000000,MS,dw, , ,NDT3,MSdw,MS  dw,Montane Spruce,Dry Warm, , ,Ecosystems with frequent stand-initiating events,13170706.015399999916553,30334.542300000000978,13170706.000000000000000,30335.000000000000000,5125220.000000000000000,6,warm,MSdwwarm,48781.757855643452785,867317.856070107314736,86.731785607010735
160,1017,435.000000000000000,ESSF,dk,1, ,NDT3,ESSFdk1,ESSFdk 1,Engelmann Spruce -- Subalpine Fir,Dry Cool,Elk, ,Ecosystems with frequent stand-initiating events,3927049.997700000181794,17559.908899999998539,3927050.000000000000000,17560.000000000000000,5117356.000000000000000,3,cool,ESSFdk1cool,28203.118419366372109,502683.328307190444320,50.268332830719046
161,1017,435.000000000000000,ESSF,dk,1, ,NDT3,ESSFdk1,ESSFdk 1,Engelmann Spruce -- Subalpine Fir,Dry Cool,Elk, ,Ecosystems with frequent stand-initiating events,3927049.997700000181794,17559.908899999998539,3927050.000000000000000,17560.000000000000000,5117356.000000000000000,5,cool,ESSFdk1cool,3349.295187316963620,70479.696130228083348,7.047969613022809
162,1017,435.000000000000000,ESSF,dk,1, ,NDT3,ESSFdk1,ESSFdk 1,Engelmann Spruce -- Subalpine Fir,Dry Cool,Elk, ,Ecosystems with frequent stand-initiating events,3927049.997700000181794,17559.908899999998539,3927050.000000000000000,17560.000000000000000,5117356.000000000000000,6,warm,ESSFdk1warm,31652.612324808353151,2146442.178283206187189,214.644217828320620
163,1018,435.000000000000000,ESSF,dkw, , ,NDT3,ESSFdkw,ESSFdkw,Engelmann Spruce -- Subalpine Fir,Dry Cool Woodland, , ,Ecosystems with frequent stand-initiating events,1053037.689999999944121,8132.824200000000019,1053038.000000000000000,8133.000000000000000,5117752.000000000000000,3,cool,ESSFdkwcool,2958.459646971087750,49492.260934729660221,4.949226093472967
164,1018,435.000000000000000,ESSF,dkw, , ,NDT3,ESSFdkw,ESSFdkw,Engelmann Spruce -- Subalpine Fir,Dry Cool Woodland, , ,Ecosystems with frequent stand-initiating events,1053037.689999999944121,8132.824200000000019,1053038.000000000000000,8133.000000000000000,5117752.000000000000000,5,cool,ESSFdkwcool,885.310762487631905,18975.793134186616953,1.897579313418662
165,1018,435.000000000000000,ESSF,dkw, , ,NDT3,ESSFdkw,ESSFdkw,Engelmann Spruce -- Subalpine Fir,Dry Cool Woodland, , ,Ecosystems with frequent stand-initiating events,1053037.689999999944121,8132.824200000000019,1053038.000000000000000,8133.000000000000000,5117752.000000000000000,6,warm,ESSFdkwwarm,10722.949350152928673,393105.833812466007657,39.310583381246602
166,1019,435.000000000000000,MS,dw, , ,NDT3,MSdw,MS  dw,Montane Spruce,Dry Warm, , ,Ecosystems with frequent stand-initiating events,7953750.000000000000000,13100.357099999999264,7953750.000000000000000,13100.000000000000000,5125218.000000000000000,5,cool,MSdwcool,33451.697176975983893,6371008.487409468740225,637.100848740946958
167,1019,435.000000000000000,MS,dw, , ,NDT3,MSdw,MS  dw,Montane Spruce,Dry Warm, , ,Ecosystems with frequent stand-initiating events,7953750.000000000000000,13100.357099999999264,7953750.000000000000000,13100.000000000000000,5125218.000000000000000,6,warm,MSdwwarm,31030.894406733084907,632693.970345567446202,63.269397034556746
168,1022,435.000000000000000,ESSF,dk,1, ,NDT3,ESSFdk1,ESSFdk 1,Engelmann Spruce -- Subalpine Fir,Dry Cool,Elk, ,Ecosystems with frequent stand-initiating events,3730229.623600000049919,11631.772699999999531,3730230.000000000000000,11632.000000000000000,5117355.000000000000000,3,cool,ESSFdk1cool,5306.380481721116666,16583.785035031360167,1.658378503503136
169,1022,435.000000000000000,ESSF,dk,1, ,NDT3,ESSFdk1,ESSFdk 1,Engelmann Spruce -- Subalpine Fir,Dry Cool,Elk, ,Ecosystems with frequent stand-initiating events,3730229.623600000049919,11631.772699999999531,3730230.000000000000000,11632.000000000000000,5117355.000000000000000,5,cool,ESSFdk1cool,1118.500921382623346,21452.784217777196318,2.145278421777720
170,1022,435.000000000000000,ESSF,dk,1, ,NDT3,ESSFdk1,ESSFdk 1,Engelmann Spruce -- Subalpine Fir,Dry Cool,Elk, ,Ecosystems with frequent stand-initiating events,3730229.623600000049919,11631.772699999999531,3730230.000000000000000,11632.000000000000000,5117355.000000000000000,6,warm,ESSFdk1warm,8758.951495411700307,2422025.805929672904313,242.202580592967308
171,1025,435.000000000000000,ESSF,dk,2, ,NDT3,ESSFdk2,ESSFdk 2,Engelmann Spruce -- Subalpine Fir,Dry Cool,Columbia, ,Ecosystems with frequent stand-initiating events,2224484025.197899818420410,5040447.288499999791384,2224484025.000000000000000,5040447.000000000000000,5117387.000000000000000,3,cool,ESSFdk2cool,6698.879869552409218,226976.092081819369923,22.697609208181937
172,1025,435.000000000000000,ESSF,dk,2, ,NDT3,ESSFdk2,ESSFdk 2,Engelmann Spruce -- Subalpine Fir,Dry Cool,Columbia, ,Ecosystems with frequent stand-initiating events,2224484025.197899818420410,5040447.288499999791384,2224484025.000000000000000,5040447.000000000000000,5117387.000000000000000,5,cool,ESSFdk2cool,5752.469223702395539,135688.847658479411621,13.568884765847942
173,1025,435.000000000000000,ESSF,dk,2, ,NDT3,ESSFdk2,ESSFdk 2,Engelmann Spruce -- Subalpine Fir,Dry Cool,Columbia, ,Ecosystems with frequent stand-initiating events,2224484025.197899818420410,5040447.288499999791384,2224484025.000000000000000,5040447.000000000000000,5117387.000000000000000,7,warm,ESSFdk2warm,19215.078298665281181,2037790.396596783539280,203.779039659678375
174,1063,435.000000000000000,ICH,mw,1, ,NDT2,ICHmw1,ICH mw 1,Interior Cedar -- Hemlock,Moist Warm,Kinbasket, ,Ecosystems with infrequent stand-initiating events,1305683540.716599941253662,1003777.015600000042468,1305683541.000000000000000,1003777.000000000000000,5121548.000000000000000,3,cool,ICHmw1cool,28271.116699167410843,10008097.917272137477994,1000.809791727213792
175,1063,435.000000000000000,ICH,mw,1, ,NDT2,ICHmw1,ICH mw 1,Interior Cedar -- Hemlock,Moist Warm,Kinbasket, ,Ecosystems with infrequent stand-initiating events,1305683540.716599941253662,1003777.015600000042468,1305683541.000000000000000,1003777.000000000000000,5121548.000000000000000,7,warm,ICHmw1warm,11045.558168691683022,454622.155026292719413,45.462215502629277
176,1064,435.000000000000000,ESSF,mm,3, ,NDT2,ESSFmm3,ESSFmm 3,Engelmann Spruce -- Subalpine Fir,Moist Mild,Spillimacheen, ,Ecosystems with infrequent stand-initiating events,616390452.055400013923645,1258031.085399999981746,616390453.000000000000000,1258031.000000000000000,5118175.000000000000000,3,cool,ESSFmm3cool,17482.425408706702001,6008880.143638764508069,600.888014363876437
177,1064,435.000000000000000,ESSF,mm,3, ,NDT2,ESSFmm3,ESSFmm 3,Engelmann Spruce -- Subalpine Fir,Moist Mild,Spillimacheen, ,Ecosystems with infrequent stand-initiating events,616390452.055400013923645,1258031.085399999981746,616390453.000000000000000,1258031.000000000000000,5118175.000000000000000,7,warm,ESSFmm3warm,3501.252401845609711,296308.222139393212274,29.630822213939322
178,1065,435.000000000000000,ESSF,mmw, , ,NDT2,ESSFmmw,ESSFmmw,Engelmann Spruce -- Subalpine Fir,Moist Mild Woodland, , ,Ecosystems with infrequent stand-initiating events,165104033.835900008678436,1011632.095199999981560,165104034.000000000000000,1011632.000000000000000,5118273.000000000000000,3,cool,ESSFmmwcool,18385.826777494195994,3092793.525864662602544,309.279352586466302
179,1065,435.000000000000000,ESSF,mmw, , ,NDT2,ESSFmmw,ESSFmmw,Engelmann Spruce -- Subalpine Fir,Moist Mild Woodland, , ,Ecosystems with infrequent stand-initiating events,165104033.835900008678436,1011632.095199999981560,165104034.000000000000000,1011632.000000000000000,5118273.000000000000000,7,warm,ESSFmmwwarm,2150.163854197837736,59853.711326897901017,5.985371132689790
180,1066,435.000000000000000,ESSF,mmp, , ,NDT5,ESSFmmp,ESSFmmp,Engelmann Spruce -- Subalpine Fir,Moist Mild Parkland, , ,Alpine Tundra and Subalpine Parkland ecosystems,143858564.610500007867813,809531.307299999985844,143858565.000000000000000,809531.000000000000000,5118211.000000000000000,3,cool,ESSFmmpcool,24815.601493796548311,1333634.781258895993233,133.363478125889600
181,1066,435.000000000000000,ESSF,mmp, , ,NDT5,ESSFmmp,ESSFmmp,Engelmann Spruce -- Subalpine Fir,Moist Mild Parkland, , ,Alpine Tundra and Subalpine Parkland ecosystems,143858564.610500007867813,809531.307299999985844,143858565.000000000000000,809531.000000000000000,5118211.000000000000000,7,warm,ESSFmmpwarm,11854.799077338509960,1181788.697180029703304,118.178869718002971
182,1069,435.000000000000000,ESSF,dk,2, ,NDT3,ESSFdk2,ESSFdk 2,Engelmann Spruce -- Subalpine Fir,Dry Cool,Columbia, ,Ecosystems with frequent stand-initiating events,107865082.180099993944168,117483.600600000005215,107865082.000000000000000,117484.000000000000000,5117385.000000000000000,3,cool,ESSFdk2cool,14313.637833352493544,1923682.177350200945511,192.368217735020096
183,1069,435.000000000000000,ESSF,dk,2, ,NDT3,ESSFdk2,ESSFdk 2,Engelmann Spruce -- Subalpine Fir,Dry Cool,Columbia, ,Ecosystems with frequent stand-initiating events,107865082.180099993944168,117483.600600000005215,107865082.000000000000000,117484.000000000000000,5117385.000000000000000,5,cool,ESSFdk2cool,682.455044341561916,11106.342828635224578,1.110634282863523
184,1069,435.000000000000000,ESSF,dk,2, ,NDT3,ESSFdk2,ESSFdk 2,Engelmann Spruce -- Subalpine Fir,Dry Cool,Columbia, ,Ecosystems with frequent stand-initiating events,107865082.180099993944168,117483.600600000005215,107865082.000000000000000,117484.000000000000000,5117385.000000000000000,7,warm,ESSFdk2warm,30426.233151939031814,10995244.033590218052268,1099.524403359021790
185,1071,435.000000000000000,ESSF,dkw, , ,NDT3,ESSFdkw,ESSFdkw,Engelmann Spruce -- Subalpine Fir,Dry Cool Woodland, , ,Ecosystems with frequent stand-initiating events,28335736.563499998301268,152344.247700000007171,28335737.000000000000000,152344.000000000000000,5117794.000000000000000,3,cool,ESSFdkwcool,18670.222238451093290,1085719.110496362205595,108.571911049636228
186,1071,435.000000000000000,ESSF,dkw, , ,NDT3,ESSFdkw,ESSFdkw,Engelmann Spruce -- Subalpine Fir,Dry Cool Woodland, , ,Ecosystems with frequent stand-initiating events,28335736.563499998301268,152344.247700000007171,28335737.000000000000000,152344.000000000000000,5117794.000000000000000,7,warm,ESSFdkwwarm,24888.582422755076550,2470030.662492702249438,247.003066249270233
187,1072,435.000000000000000,ESSF,dkp, , ,NDT5,ESSFdkp,ESSFdkp,Engelmann Spruce -- Subalpine Fir,Dry Cool Parkland, , ,Alpine Tundra and Subalpine Parkland ecosystems,28915043.120499998331070,163387.468200000002980,28915043.000000000000000,163387.000000000000000,5117622.000000000000000,3,cool,ESSFdkpcool,22900.160719577550481,1967621.433046705089509,196.762143304670531
188,1072,435.000000000000000,ESSF,dkp, , ,NDT5,ESSFdkp,ESSFdkp,Engelmann Spruce -- Subalpine Fir,Dry Cool Parkland, , ,Alpine Tundra and Subalpine Parkland ecosystems,28915043.120499998331070,163387.468200000002980,28915043.000000000000000,163387.000000000000000,5117622.000000000000000,7,warm,ESSFdkpwarm,10092.597170583279876,359841.831067546503618,35.984183106754649
189,1076,435.000000000000000,ESSF,dk,2, ,NDT3,ESSFdk2,ESSFdk 2,Engelmann Spruce -- Subalpine Fir,Dry Cool,Columbia, ,Ecosystems with frequent stand-initiating events,213479991.587000012397766,798872.186600000015460,213479992.000000000000000,798872.000000000000000,5117386.000000000000000,3,cool,ESSFdk2cool,937064.112934595439583,31012907.825231000781059,3101.290782523100006
190,1076,435.000000000000000,ESSF,dk,2, ,NDT3,ESSFdk2,ESSFdk 2,Engelmann Spruce -- Subalpine Fir,Dry Cool,Columbia, ,Ecosystems with frequent stand-initiating events,213479991.587000012397766,798872.186600000015460,213479992.000000000000000,798872.000000000000000,5117386.000000000000000,5,cool,ESSFdk2cool,257331.927112114673946,5477889.558477410115302,547.788955847741022
191,1076,435.000000000000000,ESSF,dk,2, ,NDT3,ESSFdk2,ESSFdk 2,Engelmann Spruce -- Subalpine Fir,Dry Cool,Columbia, ,Ecosystems with frequent stand-initiating events,213479991.587000012397766,798872.186600000015460,213479992.000000000000000,798872.000000000000000,5117386.000000000000000,7,warm,ESSFdk2warm,1255217.467587918043137,90274962.299747049808502,9027.496229974705784
192,1077,435.000000000000000,ESSF,dkp, , ,NDT5,ESSFdkp,ESSFdkp,Engelmann Spruce -- Subalpine Fir,Dry Cool Parkland, , ,Alpine Tundra and Subalpine Parkland ecosystems,3319881.166199999861419,30449.567200000001321,3319881.000000000000000,30450.000000000000000,5117611.000000000000000,3,cool,ESSFdkpcool,22786.084594766769442,756382.698531417408958,75.638269853141750
193,1077,435.000000000000000,ESSF,dkp, , ,NDT5,ESSFdkp,ESSFdkp,Engelmann Spruce -- Subalpine Fir,Dry Cool Parkland, , ,Alpine Tundra and Subalpine Parkland ecosystems,3319881.166199999861419,30449.567200000001321,3319881.000000000000000,30450.000000000000000,5117611.000000000000000,7,warm,ESSFdkpwarm,659.699398239355332,1378.959551283977135,0.137895955128398
194,1078,435.000000000000000,ESSF,mmp, , ,NDT5,ESSFmmp,ESSFmmp,Engelmann Spruce -- Subalpine Fir,Moist Mild Parkland, , ,Alpine Tundra and Subalpine Parkland ecosystems,4620117.283800000324845,40408.781199999997625,4620117.000000000000000,40409.000000000000000,5118190.000000000000000,3,cool,ESSFmmpcool,3237.010255576234613,25.787887986657378,0.002578788798666
195,1078,435.000000000000000,ESSF,mmp, , ,NDT5,ESSFmmp,ESSFmmp,Engelmann Spruce -- Subalpine Fir,Moist Mild Parkland, , ,Alpine Tundra and Subalpine Parkland ecosystems,4620117.283800000324845,40408.781199999997625,4620117.000000000000000,40409.000000000000000,5118190.000000000000000,7,warm,ESSFmmpwarm,240.742740571261550,0.840009623637366,0.000084000962364
196,1080,435.000000000000000,ESSF,dkw, , ,NDT3,ESSFdkw,ESSFdkw,Engelmann Spruce -- Subalpine Fir,Dry Cool Woodland, , ,Ecosystems with frequent stand-initiating events,66732919.801100000739098,521245.509199999971315,66732920.000000000000000,521246.000000000000000,5117797.000000000000000,3,cool,ESSFdkwcool,331965.907904138264712,6846111.164062064141035,684.611116406206406
197,1080,435.000000000000000,ESSF,dkw, , ,NDT3,ESSFdkw,ESSFdkw,Engelmann Spruce -- Subalpine Fir,Dry Cool Woodland, , ,Ecosystems with frequent stand-initiating events,66732919.801100000739098,521245.509199999971315,66732920.000000000000000,521246.000000000000000,5117797.000000000000000,5,cool,ESSFdkwcool,35770.706052816327428,747525.598777939449064,74.752559877793942
198,1080,435.000000000000000,ESSF,dkw, , ,NDT3,ESSFdkw,ESSFdkw,Engelmann Spruce -- Subalpine Fir,Dry Cool Woodland, , ,Ecosystems with frequent stand-initiating events,66732919.801100000739098,521245.509199999971315,66732920.000000000000000,521246.000000000000000,5117797.000000000000000,7,warm,ESSFdkwwarm,304214.099100246967282,10448485.684350244700909,1044.848568435024617
199,1081,435.000000000000000,ESSF,mmp, , ,NDT5,ESSFmmp,ESSFmmp,Engelmann Spruce -- Subalpine Fir,Moist Mild Parkland, , ,Alpine Tundra and Subalpine Parkland ecosystems,19376987.064599998295307,134506.202400000009220,19376987.000000000000000,134506.000000000000000,5118199.000000000000000,3,cool,ESSFmmpcool,5705.486155395042260,48.991662778469504,0.004899166277847
200,1081,435.000000000000000,ESSF,mmp, , ,NDT5,ESSFmmp,ESSFmmp,Engelmann Spruce -- Subalpine Fir,Moist Mild Parkland, , ,Alpine Tundra and Subalpine Parkland ecosystems,19376987.064599998295307,134506.202400000009220,19376987.000000000000000,134506.000000000000000,5118199.000000000000000,7,warm,ESSFmmpwarm,199.020112717661306,1.851468144824139,0.000185146814482
201,1082,435.000000000000000,ESSF,dkp, , ,NDT5,ESSFdkp,ESSFdkp,Engelmann Spruce -- Subalpine Fir,Dry Cool Parkland, , ,Alpine Tundra and Subalpine Parkland ecosystems,11150290.985300000756979,89953.925700000007055,11150291.000000000000000,89954.000000000000000,5117628.000000000000000,3,cool,ESSFdkpcool,29919.280366326889634,2550107.566821759566665,255.010756682175980
202,1082,435.000000000000000,ESSF,dkp, , ,NDT5,ESSFdkp,ESSFdkp,Engelmann Spruce -- Subalpine Fir,Dry Cool Parkland, , ,Alpine Tundra and Subalpine Parkland ecosystems,11150290.985300000756979,89953.925700000007055,11150291.000000000000000,89954.000000000000000,5117628.000000000000000,5,cool,ESSFdkpcool,84.376384714199816,101.835744623874021,0.010183574462387
203,1082,435.000000000000000,ESSF,dkp, , ,NDT5,ESSFdkp,ESSFdkp,Engelmann Spruce -- Subalpine Fir,Dry Cool Parkland, , ,Alpine Tundra and Subalpine Parkland ecosystems,11150290.985300000756979,89953.925700000007055,11150291.000000000000000,89954.000000000000000,5117628.000000000000000,7,warm,ESSFdkpwarm,1118.085175621820099,3234.182230470459217,0.323418223047046
204,1083,435.000000000000000,MS,dk, , ,NDT3,MSdk,MS  dk,Montane Spruce,Dry Cool, , ,Ecosystems with frequent stand-initiating events,380384833.249199986457825,264552.210800000000745,380384833.000000000000000,264552.000000000000000,5125158.000000000000000,3,cool,MSdkcool,864933.284860500134528,250488539.854574054479599,25048.853985457408271
205,1083,435.000000000000000,MS,dk, , ,NDT3,MSdk,MS  dk,Montane Spruce,Dry Cool, , ,Ecosystems with frequent stand-initiating events,380384833.249199986457825,264552.210800000000745,380384833.000000000000000,264552.000000000000000,5125158.000000000000000,5,cool,MSdkcool,38764.284075144285453,3327868.087727971374989,332.786808772797144
206,1083,435.000000000000000,MS,dk, , ,NDT3,MSdk,MS  dk,Montane Spruce,Dry Cool, , ,Ecosystems with frequent stand-initiating events,380384833.249199986457825,264552.210800000000745,380384833.000000000000000,264552.000000000000000,5125158.000000000000000,7,warm,MSdkwarm,547068.078528507729061,66731556.790160298347473,6673.155679016030263
207,1084,435.000000000000000,ESSF,dk,2, ,NDT3,ESSFdk2,ESSFdk 2,Engelmann Spruce -- Subalpine Fir,Dry Cool,Columbia, ,Ecosystems with frequent stand-initiating events,33354902.449599999934435,35101.019699999997101,33354902.000000000000000,35101.000000000000000,5117384.000000000000000,3,cool,ESSFdk2cool,3446.386968167302712,36.632352077750639,0.003663235207775
208,1084,435.000000000000000,ESSF,dk,2, ,NDT3,ESSFdk2,ESSFdk 2,Engelmann Spruce -- Subalpine Fir,Dry Cool,Columbia, ,Ecosystems with frequent stand-initiating events,33354902.449599999934435,35101.019699999997101,33354902.000000000000000,35101.000000000000000,5117384.000000000000000,7,warm,ESSFdk2warm,6823.481414223177126,861694.330440848949365,86.169433044084897
209,1087,435.000000000000000,ESSF,dk,2, ,NDT3,ESSFdk2,ESSFdk 2,Engelmann Spruce -- Subalpine Fir,Dry Cool,Columbia, ,Ecosystems with frequent stand-initiating events,248650901.911300003528595,591273.888900000019930,248650902.000000000000000,591274.000000000000000,5117383.000000000000000,3,cool,ESSFdk2cool,61598.841703849131591,5902358.647324598394334,590.235864732459845
210,1087,435.000000000000000,ESSF,dk,2, ,NDT3,ESSFdk2,ESSFdk 2,Engelmann Spruce -- Subalpine Fir,Dry Cool,Columbia, ,Ecosystems with frequent stand-initiating events,248650901.911300003528595,591273.888900000019930,248650902.000000000000000,591274.000000000000000,5117383.000000000000000,5,cool,ESSFdk2cool,3044.117721914285084,36422.401927811406495,3.642240192781141
211,1087,435.000000000000000,ESSF,dk,2, ,NDT3,ESSFdk2,ESSFdk 2,Engelmann Spruce -- Subalpine Fir,Dry Cool,Columbia, ,Ecosystems with frequent stand-initiating events,248650901.911300003528595,591273.888900000019930,248650902.000000000000000,591274.000000000000000,5117383.000000000000000,7,warm,ESSFdk2warm,32715.247775623618509,1774036.602048137225211,177.403660204813718
212,1103,435.000000000000000,ESSF,mmp, , ,NDT5,ESSFmmp,ESSFmmp,Engelmann Spruce -- Subalpine Fir,Moist Mild Parkland, , ,Alpine Tundra and Subalpine Parkland ecosystems,1357874.241099999984726,10905.532199999999648,1357874.000000000000000,10906.000000000000000,5118187.000000000000000,3,cool,ESSFmmpcool,78.753621274835680,0.121193285229817,0.000012119328523
213,1107,435.000000000000000,ESSF,dkp, , ,NDT5,ESSFdkp,ESSFdkp,Engelmann Spruce -- Subalpine Fir,Dry Cool Parkland, , ,Alpine Tundra and Subalpine Parkland ecosystems,1150218.354100000113249,9903.216099999999642,1150218.000000000000000,9903.000000000000000,5117616.000000000000000,3,cool,ESSFdkpcool,2920.495707505180690,61187.230784442283039,6.118723078444229
214,1107,435.000000000000000,ESSF,dkp, , ,NDT5,ESSFdkp,ESSFdkp,Engelmann Spruce -- Subalpine Fir,Dry Cool Parkland, , ,Alpine Tundra and Subalpine Parkland ecosystems,1150218.354100000113249,9903.216099999999642,1150218.000000000000000,9903.000000000000000,5117616.000000000000000,7,warm,ESSFdkpwarm,14.064235577305141,2.738153468976329,0.000273815346898
215,1108,435.000000000000000,ESSF,mmp, , ,NDT5,ESSFmmp,ESSFmmp,Engelmann Spruce -- Subalpine Fir,Moist Mild Parkland, , ,Alpine Tundra and Subalpine Parkland ecosystems,198686.165000000008149,2897.139900000000125,198686.000000000000000,2897.000000000000000,5118192.000000000000000,5,cool,ESSFmmpcool,672.762609399414714,48.396831884531046,0.004839683188453
216,1108,435.000000000000000,ESSF,mmp, , ,NDT5,ESSFmmp,ESSFmmp,Engelmann Spruce -- Subalpine Fir,Moist Mild Parkland, , ,Alpine Tundra and Subalpine Parkland ecosystems,198686.165000000008149,2897.139900000000125,198686.000000000000000,2897.000000000000000,5118192.000000000000000,7,warm,ESSFmmpwarm,57.526464377810555,0.874542778226435,0.000087454277823
217,1109,435.000000000000000,ESSF,dkp, , ,NDT5,ESSFdkp,ESSFdkp,Engelmann Spruce -- Subalpine Fir,Dry Cool Parkland, , ,Alpine Tundra and Subalpine Parkland ecosystems,20626.257399999998597,1023.814600000000041,20626.000000000000000,1024.000000000000000,5117615.000000000000000,5,cool,ESSFdkpcool,1023.599717224743131,20605.560381894600141,2.060556038189460
218,1110,435.000000000000000,ESSF,dkp, , ,NDT5,ESSFdkp,ESSFdkp,Engelmann Spruce -- Subalpine Fir,Dry Cool Parkland, , ,Alpine Tundra and Subalpine Parkland ecosystems,39436.435499999999593,980.721400000000017,39436.000000000000000,981.000000000000000,5117614.000000000000000,5,cool,ESSFdkpcool,981.528742932258297,39386.541516112374666,3.938654151611237
219,1110,435.000000000000000,ESSF,dkp, , ,NDT5,ESSFdkp,ESSFdkp,Engelmann Spruce -- Subalpine Fir,Dry Cool Parkland, , ,Alpine Tundra and Subalpine Parkland ecosystems,39436.435499999999593,980.721400000000017,39436.000000000000000,981.000000000000000,5117614.000000000000000,7,warm,ESSFdkpwarm,50.719250979272161,17.237217298479326,0.001723721729848
220,1111,435.000000000000000,ESSF,mmp, , ,NDT5,ESSFmmp,ESSFmmp,Engelmann Spruce -- Subalpine Fir,Moist Mild Parkland, , ,Alpine Tundra and Subalpine Parkland ecosystems,1551665.031999999890104,11658.534799999999450,1551665.000000000000000,11659.000000000000000,5118191.000000000000000,3,cool,ESSFmmpcool,612.618175118510067,3.796458752917720,0.000379645875292
221,1111,435.000000000000000,ESSF,mmp, , ,NDT5,ESSFmmp,ESSFmmp,Engelmann Spruce -- Subalpine Fir,Moist Mild Parkland, , ,Alpine Tundra and Subalpine Parkland ecosystems,1551665.031999999890104,11658.534799999999450,1551665.000000000000000,11659.000000000000000,5118191.000000000000000,7,warm,ESSFmmpwarm,44.292358033821316,0.148071058587625,0.000014807105859
222,1112,435.000000000000000,ESSF,dkp, , ,NDT5,ESSFdkp,ESSFdkp,Engelmann Spruce -- Subalpine Fir,Dry Cool Parkland, , ,Alpine Tundra and Subalpine Parkland ecosystems,838252.389199999975972,10294.841800000000148,838252.000000000000000,10295.000000000000000,5117613.000000000000000,3,cool,ESSFdkpcool,2451.926451428777455,73607.618837553542107,7.360761883755354
223,1112,435.000000000000000,ESSF,dkp, , ,NDT5,ESSFdkp,ESSFdkp,Engelmann Spruce -- Subalpine Fir,Dry Cool Parkland, , ,Alpine Tundra and Subalpine Parkland ecosystems,838252.389199999975972,10294.841800000000148,838252.000000000000000,10295.000000000000000,5117613.000000000000000,7,warm,ESSFdkpwarm,70.671860112249533,114.309099109845818,0.011430909910985
224,412,435.000000000000000,IDF,dm,2, ,NDT4,IDFdm2,IDF dm 2,Interior Douglas-fir,Dry Mild,Kootenay, ,Ecosystems with frequent stand-maintaining fires,2154694911.042200088500977,1438185.760100000072271,2154694910.000000000000000,1438186.000000000000000,5121855.000000000000000,7,warm,IDFdm2warm,15.666807100900305,0.009241075921645,0.000000924107592
225,741,435.000000000000000,IDF,xk, , ,NDT4,IDFxk,IDF xk,Interior Douglas-fir,Very Dry Cool, , ,Ecosystems with frequent stand-maintaining fires,381160696.818000018596649,241631.006599999993341,381160697.000000000000000,241631.000000000000000,5121908.000000000000000,7,warm,IDFxkwarm,15.666807100900305,0.009241075921645,0.000000924107592
226,493,435.000000000000000,ESSF,mmw, , ,NDT2,ESSFmmw,ESSFmmw,Engelmann Spruce -- Subalpine Fir,Moist Mild Woodland, , ,Ecosystems with infrequent stand-initiating events,35723577.754000000655651,255337.839999999996508,35723578.000000000000000,255338.000000000000000,5118265.000000000000000,5,cool,ESSFmmwcool,0.846537809599845,0.003602190090768,0.000000360219009
227,493,435.000000000000000,ESSF,mmw, , ,NDT2,ESSFmmw,ESSFmmw,Engelmann Spruce -- Subalpine Fir,Moist Mild Woodland, , ,Ecosystems with infrequent stand-initiating events,35723577.754000000655651,255337.839999999996508,35723578.000000000000000,255338.000000000000000,5118265.000000000000000,7,warm,ESSFmmwwarm,0.846537809599845,0.003602190090768,0.000000360219009
228,515,435.000000000000000,ESSF,dkp, , ,NDT5,ESSFdkp,ESSFdkp,Engelmann Spruce -- Subalpine Fir,Dry Cool Parkland, , ,Alpine Tundra and Subalpine Parkland ecosystems,33671962.945799998939037,260118.921499999996740,33671963.000000000000000,260119.000000000000000,5117610.000000000000000,3,cool,ESSFdkpcool,0.224500363328880,0.002919040038736,0.000000291904004
229,515,435.000000000000000,ESSF,dkp, , ,NDT5,ESSFdkp,ESSFdkp,Engelmann Spruce -- Subalpine Fir,Dry Cool Parkland, , ,Alpine Tundra and Subalpine Parkland ecosystems,33671962.945799998939037,260118.921499999996740,33671963.000000000000000,260119.000000000000000,5117610.000000000000000,7,warm,ESSFdkpwarm,0.224500363328880,0.002919040038736,0.000000291904004
230,941,435.000000000000000,IDF,dk,5, ,NDT4,IDFdk5,IDF dk 5,Interior Douglas-fir,Dry Cool,Columbia, ,Ecosystems with frequent stand-maintaining fires,769230999.129699945449829,794595.937500000000000,769230999.000000000000000,794596.000000000000000,5121849.000000000000000,3,cool,IDFdk5cool,8109.597151162035516,44422.727214016653306,4.442272721401666
231,941,435.000000000000000,IDF,dk,5, ,NDT4,IDFdk5,IDF dk 5,Interior Douglas-fir,Dry Cool,Columbia, ,Ecosystems with frequent stand-maintaining fires,769230999.129699945449829,794595.937500000000000,769230999.000000000000000,794596.000000000000000,5121849.000000000000000,7,warm,IDFdk5warm,8109.597151162035516,44422.727214016653306,4.442272721401666
232,1076,435.000000000000000,ESSF,dk,2, ,NDT3,ESSFdk2,ESSFdk 2,Engelmann Spruce -- Subalpine Fir,Dry Cool,Columbia, ,Ecosystems with frequent stand-initiating events,213479991.587000012397766,798872.186600000015460,213479992.000000000000000,798872.000000000000000,5117386.000000000000000,3,cool,ESSFdk2cool,5.878422433421823,0.022597666926542,0.000002259766693
233,1076,435.000000000000000,ESSF,dk,2, ,NDT3,ESSFdk2,ESSFdk 2,Engelmann Spruce -- Subalpine Fir,Dry Cool,Columbia, ,Ecosystems with frequent stand-initiating events,213479991.587000012397766,798872.186600000015460,213479992.000000000000000,798872.000000000000000,5117386.000000000000000,7,warm,ESSFdk2warm,5.878422433421823,0.022597666926542,0.000002259766693
234,1076,435.000000000000000,ESSF,dk,2, ,NDT3,ESSFdk2,ESSFdk 2,Engelmann Spruce -- Subalpine Fir,Dry Cool,Columbia, ,Ecosystems with frequent stand-initiating events,213479991.587000012397766,798872.186600000015460,213479992.000000000000000,798872.000000000000000,5117386.000000000000000,5,cool,ESSFdk2cool,65.727729297988589,0.271379735984805,0.000027137973598
235,1076,435.000000000000000,ESSF,dk,2, ,NDT3,ESSFdk2,ESSFdk 2,Engelmann Spruce -- Subalpine Fir,Dry Cool,Columbia, ,Ecosystems with frequent stand-initiating events,213479991.587000012397766,798872.186600000015460,213479992.000000000000000,798872.000000000000000,5117386.000000000000000,7,warm,ESSFdk2warm,65.727729297988589,0.271379735984805,0.000027137973598
236,1077,435.000000000000000,ESSF,dkp, , ,NDT5,ESSFdkp,ESSFdkp,Engelmann Spruce -- Subalpine Fir,Dry Cool Parkland, , ,Alpine Tundra and Subalpine Parkland ecosystems,3319881.166199999861419,30449.567200000001321,3319881.000000000000000,30450.000000000000000,5117611.000000000000000,3,cool,ESSFdkpcool,1.194406323016136,0.008954790087289,0.000000895479009
237,1077,435.000000000000000,ESSF,dkp, , ,NDT5,ESSFdkp,ESSFdkp,Engelmann Spruce -- Subalpine Fir,Dry Cool Parkland, , ,Alpine Tundra and Subalpine Parkland ecosystems,3319881.166199999861419,30449.567200000001321,3319881.000000000000000,30450.000000000000000,5117611.000000000000000,7,warm,ESSFdkpwarm,1.194406323016136,0.008954790087289,0.000000895479009
238,1078,435.000000000000000,ESSF,mmp, , ,NDT5,ESSFmmp,ESSFmmp,Engelmann Spruce -- Subalpine Fir,Moist Mild Parkland, , ,Alpine Tundra and Subalpine Parkland ecosystems,4620117.283800000324845,40408.781199999997625,4620117.000000000000000,40409.000000000000000,5118190.000000000000000,3,cool,ESSFmmpcool,17.907660765732217,0.019145521462403,0.000001914552146
239,1078,435.000000000000000,ESSF,mmp, , ,NDT5,ESSFmmp,ESSFmmp,Engelmann Spruce -- Subalpine Fir,Moist Mild Parkland, , ,Alpine Tundra and Subalpine Parkland ecosystems,4620117.283800000324845,40408.781199999997625,4620117.000000000000000,40409.000000000000000,5118190.000000000000000,7,warm,ESSFmmpwarm,17.907660765732217,0.019145521462403,0.000001914552146
240,1080,435.000000000000000,ESSF,dkw, , ,NDT3,ESSFdkw,ESSFdkw,Engelmann Spruce -- Subalpine Fir,Dry Cool Woodland, , ,Ecosystems with frequent stand-initiating events,66732919.801100000739098,521245.509199999971315,66732920.000000000000000,521246.000000000000000,5117797.000000000000000,3,cool,ESSFdkwcool,17.326809033619902,0.022438350093552,0.000002243835009
241,1080,435.000000000000000,ESSF,dkw, , ,NDT3,ESSFdkw,ESSFdkw,Engelmann Spruce -- Subalpine Fir,Dry Cool Woodland, , ,Ecosystems with frequent stand-initiating events,66732919.801100000739098,521245.509199999971315,66732920.000000000000000,521246.000000000000000,5117797.000000000000000,7,warm,ESSFdkwwarm,17.326809033619902,0.022438350093552,0.000002243835009
242,1080,435.000000000000000,ESSF,dkw, , ,NDT3,ESSFdkw,ESSFdkw,Engelmann Spruce -- Subalpine Fir,Dry Cool Woodland, , ,Ecosystems with frequent stand-initiating events,66732919.801100000739098,521245.509199999971315,66732920.000000000000000,521246.000000000000000,5117797.000000000000000,5,cool,ESSFdkwcool,211.443501374641585,2.128231520817508,0.000212823152082
243,1080,435.000000000000000,ESSF,dkw, , ,NDT3,ESSFdkw,ESSFdkw,Engelmann Spruce -- Subalpine Fir,Dry Cool Woodland, , ,Ecosystems with frequent stand-initiating events,66732919.801100000739098,521245.509199999971315,66732920.000000000000000,521246.000000000000000,5117797.000000000000000,7,warm,ESSFdkwwarm,211.443501374641585,2.128231520817508,0.000212823152082
244,1083,435.000000000000000,MS,dk, , ,NDT3,MSdk,MS  dk,Montane Spruce,Dry Cool, , ,Ecosystems with frequent stand-initiating events,380384833.249199986457825,264552.210800000000745,380384833.000000000000000,264552.000000000000000,5125158.000000000000000,3,cool,MSdkcool,3665.380245950488188,16278.784323816493270,1.627878432381649
245,1083,435.000000000000000,MS,dk, , ,NDT3,MSdk,MS  dk,Montane Spruce,Dry Cool, , ,Ecosystems with frequent stand-initiating events,380384833.249199986457825,264552.210800000000745,380384833.000000000000000,264552.000000000000000,5125158.000000000000000,7,warm,MSdkwarm,3665.380245950488188,16278.784323816493270,1.627878432381649
246,1087,435.000000000000000,ESSF,dk,2, ,NDT3,ESSFdk2,ESSFdk 2,Engelmann Spruce -- Subalpine Fir,Dry Cool,Columbia, ,Ecosystems with frequent stand-initiating events,248650901.911300003528595,591273.888900000019930,248650902.000000000000000,591274.000000000000000,5117383.000000000000000,3,cool,ESSFdk2cool,542.529089565743220,2489.774389691293436,0.248977438969129
247,1087,435.000000000000000,ESSF,dk,2, ,NDT3,ESSFdk2,ESSFdk 2,Engelmann Spruce -- Subalpine Fir,Dry Cool,Columbia, ,Ecosystems with frequent stand-initiating events,248650901.911300003528595,591273.888900000019930,248650902.000000000000000,591274.000000000000000,5117383.000000000000000,7,warm,ESSFdk2warm,542.529089565743220,2489.774389691293436,0.248977438969129
248,1087,435.000000000000000,ESSF,dk,2, ,NDT3,ESSFdk2,ESSFdk 2,Engelmann Spruce -- Subalpine Fir,Dry Cool,Columbia, ,Ecosystems with frequent stand-initiating events,248650901.911300003528595,591273.888900000019930,248650902.000000000000000,591274.000000000000000,5117383.000000000000000,5,cool,ESSFdk2cool,48.148579606756833,0.035049968395581,0.000003504996840
249,1087,435.000000000000000,ESSF,dk,2, ,NDT3,ESSFdk2,ESSFdk 2,Engelmann Spruce -- Subalpine Fir,Dry Cool,Columbia, ,Ecosystems with frequent stand-initiating events,248650901.911300003528595,591273.888900000019930,248650902.000000000000000,591274.000000000000000,5117383.000000000000000,7,warm,ESSFdk2warm,48.148579606756833,0.035049968395581,0.000003504996840
