OID_,FTRCLSSSK,ZONE,SUBZONE,VARIANT,PHASE,NTRLDSTRBN,MAP_LABEL,BGC_LABEL,ZONE_NAME,SBZNNM,VRNTNM,PHASE_NAME,NTRLDSTRB1,AREA_SQM,FEAT_LEN,FEAT_AREA,FTRLNGTH,OBJECTID,Shape_Length,Shape_Area,Calculate_Area_Ha
1,435.000000000000000,ESSF,dkp, , ,NDT5,ESSFdkp,ESSFdkp,Engelmann Spruce -- Subalpine Fir,Dry Cool Parkland, , ,Alpine Tundra and Subalpine Parkland ecosystems,1767500.000000000000000,10500.000000000000000,1767500.000000000000000,10500.000000000000000,5117491.000000000000000,11825.111154506637831,598862.705858125817031,59.886270585812582
2,435.000000000000000,ESSF,dkw, , ,NDT3,ESSFdkw,ESSFdkw,Engelmann Spruce -- Subalpine Fir,Dry Cool Woodland, , ,Ecosystems with frequent stand-initiating events,35893542.294100001454353,259039.917699999990873,35893542.000000000000000,259040.000000000000000,5117728.000000000000000,182349.444160705868853,12385561.180538278073072,1238.556118053827959
3,435.000000000000000,ESSF,dkp, , ,NDT5,ESSFdkp,ESSFdkp,Engelmann Spruce -- Subalpine Fir,Dry Cool Parkland, , ,Alpine Tundra and Subalpine Parkland ecosystems,14735000.000000000000000,88700.000000000000000,14735000.000000000000000,88700.000000000000000,5117487.000000000000000,15282.738868821154028,607383.544111176976003,60.738354411117697
4,435.000000000000000,ESSF,dkp, , ,NDT5,ESSFdkp,ESSFdkp,Engelmann Spruce -- Subalpine Fir,Dry Cool Parkland, , ,Alpine Tundra and Subalpine Parkland ecosystems,8131716.584499999880791,74052.109100000001490,8131717.000000000000000,74052.000000000000000,5117471.000000000000000,2916.253107306035417,77681.081230302224867,7.768108123030223
5,435.000000000000000,ESSF,wmp, , ,NDT5,ESSFwmp,ESSFwmp,Engelmann Spruce -- Subalpine Fir,Wet Mild Parkland, , ,Alpine Tundra and Subalpine Parkland ecosystems,919780.512800000025891,8446.469999999999345,919781.000000000000000,8446.000000000000000,5120897.000000000000000,1533.325679581282429,36979.247789610606560,3.697924778961061
6,435.000000000000000,ESSF,wmw, , ,NDT1,ESSFwmw,ESSFwmw,Engelmann Spruce -- Subalpine Fir,Wet Mild Woodland, , ,Ecosystems with rare stand-initiating events,7661874.047799999825656,56807.710299999998824,7661874.000000000000000,56808.000000000000000,5121032.000000000000000,40986.280138532718411,1997764.737414060393348,199.776473741406051
7,435.000000000000000,ESSF,dkp, , ,NDT5,ESSFdkp,ESSFdkp,Engelmann Spruce -- Subalpine Fir,Dry Cool Parkland, , ,Alpine Tundra and Subalpine Parkland ecosystems,292241.732299999974202,4377.379700000000412,292242.000000000000000,4377.000000000000000,5117451.000000000000000,151.622281388602147,1561.502946013366682,0.156150294601337
8,435.000000000000000,ESSF,wmp, , ,NDT5,ESSFwmp,ESSFwmp,Engelmann Spruce -- Subalpine Fir,Wet Mild Parkland, , ,Alpine Tundra and Subalpine Parkland ecosystems,3750784.940500000026077,36310.348100000002887,3750785.000000000000000,36310.000000000000000,5120909.000000000000000,5988.179562361856370,236071.198963461851235,23.607119896346187
9,435.000000000000000,MS,dk, , ,NDT3,MSdk,MS  dk,Montane Spruce,Dry Cool, , ,Ecosystems with frequent stand-initiating events,4733066.050499999895692,22259.373800000001211,4733066.000000000000000,22259.000000000000000,5125148.000000000000000,28731.352727563338703,4322449.181905197910964,432.244918190519797
10,435.000000000000000,ICH,mk,4, ,NDT3,ICHmk4,ICH mk 4,Interior Cedar -- Hemlock,Moist Cool,Elk, ,Ecosystems with frequent stand-initiating events,2185939.805600000079721,12761.671000000000276,2185940.000000000000000,12762.000000000000000,5121523.000000000000000,16355.633858081353537,1998538.099473105743527,199.853809947310594
11,435.000000000000000,ESSF,dkp, , ,NDT5,ESSFdkp,ESSFdkp,Engelmann Spruce -- Subalpine Fir,Dry Cool Parkland, , ,Alpine Tundra and Subalpine Parkland ecosystems,3827500.000000000000000,20000.000000000000000,3827500.000000000000000,20000.000000000000000,5117494.000000000000000,22868.924855374596518,1154008.274751657852903,115.400827475165798
12,435.000000000000000,ESSF,dkp, , ,NDT5,ESSFdkp,ESSFdkp,Engelmann Spruce -- Subalpine Fir,Dry Cool Parkland, , ,Alpine Tundra and Subalpine Parkland ecosystems,1522500.000000000000000,10300.000000000000000,1522500.000000000000000,10300.000000000000000,5117486.000000000000000,9089.303010685922345,604427.483657876844518,60.442748365787686
13,435.000000000000000,ESSF,dk,1, ,NDT3,ESSFdk1,ESSFdk 1,Engelmann Spruce -- Subalpine Fir,Dry Cool,Elk, ,Ecosystems with frequent stand-initiating events,5577644.564000000245869,23810.017700000000332,5577645.000000000000000,23810.000000000000000,5117338.000000000000000,30307.556079279842379,3795200.090033489745110,379.520009003349003
14,435.000000000000000,ESSF,dkp, , ,NDT5,ESSFdkp,ESSFdkp,Engelmann Spruce -- Subalpine Fir,Dry Cool Parkland, , ,Alpine Tundra and Subalpine Parkland ecosystems,645000.000000000000000,5900.000000000000000,645000.000000000000000,5900.000000000000000,5117483.000000000000000,6468.628043138848625,335752.620867294433992,33.575262086729445
15,435.000000000000000,ESSF,dkw, , ,NDT3,ESSFdkw,ESSFdkw,Engelmann Spruce -- Subalpine Fir,Dry Cool Woodland, , ,Ecosystems with frequent stand-initiating events,1234907.506700000027195,12501.073300000000017,1234908.000000000000000,12501.000000000000000,5117723.000000000000000,10347.152055544516770,539964.914818819146603,53.996491481881918
16,435.000000000000000,ESSF,wmp, , ,NDT5,ESSFwmp,ESSFwmp,Engelmann Spruce -- Subalpine Fir,Wet Mild Parkland, , ,Alpine Tundra and Subalpine Parkland ecosystems,585004.425000000046566,6599.823199999999815,585004.000000000000000,6600.000000000000000,5120892.000000000000000,1898.037828601772617,36574.428411321634485,3.657442841132164
17,435.000000000000000,ESSF,dk,1, ,NDT3,ESSFdk1,ESSFdk 1,Engelmann Spruce -- Subalpine Fir,Dry Cool,Elk, ,Ecosystems with frequent stand-initiating events,6927837.433699999935925,29355.386299999998300,6927837.000000000000000,29355.000000000000000,5117339.000000000000000,60170.166939508213545,4537218.810693600215018,453.721881069360052
18,435.000000000000000,ESSF,dk,1, ,NDT3,ESSFdk1,ESSFdk 1,Engelmann Spruce -- Subalpine Fir,Dry Cool,Elk, ,Ecosystems with frequent stand-initiating events,15479126.860700000077486,53148.293700000001991,15479127.000000000000000,53148.000000000000000,5117337.000000000000000,91269.908477788208984,13007409.013756513595581,1300.740901375651447
19,435.000000000000000,ESSF,dkw, , ,NDT3,ESSFdkw,ESSFdkw,Engelmann Spruce -- Subalpine Fir,Dry Cool Woodland, , ,Ecosystems with frequent stand-initiating events,6185000.000000000000000,34600.000000000000000,6185000.000000000000000,34600.000000000000000,5117726.000000000000000,41892.384524489010801,3738962.161221410147846,373.896216122141027
20,435.000000000000000,ESSF,dkp, , ,NDT5,ESSFdkp,ESSFdkp,Engelmann Spruce -- Subalpine Fir,Dry Cool Parkland, , ,Alpine Tundra and Subalpine Parkland ecosystems,457500.000000000000000,4900.000000000000000,457500.000000000000000,4900.000000000000000,5117477.000000000000000,5319.205249459357219,194819.290321986278286,19.481929032198629
21,435.000000000000000,ESSF,dkp, , ,NDT5,ESSFdkp,ESSFdkp,Engelmann Spruce -- Subalpine Fir,Dry Cool Parkland, , ,Alpine Tundra and Subalpine Parkland ecosystems,435000.000000000000000,5000.000000000000000,435000.000000000000000,5000.000000000000000,5117468.000000000000000,3011.862012418336690,112959.799269749419182,11.295979926974942
22,435.000000000000000,ESSF,dkw, , ,NDT3,ESSFdkw,ESSFdkw,Engelmann Spruce -- Subalpine Fir,Dry Cool Woodland, , ,Ecosystems with frequent stand-initiating events,962996.789499999955297,5943.943400000000111,962997.000000000000000,5944.000000000000000,5117722.000000000000000,7678.579052049879465,546958.195923190563917,54.695819592319062
23,435.000000000000000,ESSF,wmw, , ,NDT1,ESSFwmw,ESSFwmw,Engelmann Spruce -- Subalpine Fir,Wet Mild Woodland, , ,Ecosystems with rare stand-initiating events,302003.426299999991897,3084.809699999999793,302003.000000000000000,3085.000000000000000,5121030.000000000000000,2927.186543442877337,134037.579498565813992,13.403757949856582
24,435.000000000000000,ESSF,dkw, , ,NDT3,ESSFdkw,ESSFdkw,Engelmann Spruce -- Subalpine Fir,Dry Cool Woodland, , ,Ecosystems with frequent stand-initiating events,4440000.000000000000000,30200.000000000000000,4440000.000000000000000,30200.000000000000000,5117730.000000000000000,29837.274595554416010,2724525.771258431952447,272.452577125843220
25,435.000000000000000,ESSF,dkp, , ,NDT5,ESSFdkp,ESSFdkp,Engelmann Spruce -- Subalpine Fir,Dry Cool Parkland, , ,Alpine Tundra and Subalpine Parkland ecosystems,1997500.000000000000000,12400.000000000000000,1997500.000000000000000,12400.000000000000000,5117488.000000000000000,6104.984742322240891,280308.154981075029355,28.030815498107504
26,435.000000000000000,ESSF,dkw, , ,NDT3,ESSFdkw,ESSFdkw,Engelmann Spruce -- Subalpine Fir,Dry Cool Woodland, , ,Ecosystems with frequent stand-initiating events,15239827.981499999761581,101501.288100000005215,15239828.000000000000000,101501.000000000000000,5117727.000000000000000,99055.869512027202290,8771559.499485041946173,877.155949948504258
27,435.000000000000000,ESSF,dkp, , ,NDT5,ESSFdkp,ESSFdkp,Engelmann Spruce -- Subalpine Fir,Dry Cool Parkland, , ,Alpine Tundra and Subalpine Parkland ecosystems,2717672.018499999772757,15101.288099999999758,2717672.000000000000000,15101.000000000000000,5117480.000000000000000,17628.063033864738827,1583171.280590048758313,158.317128059004887
28,435.000000000000000,ESSF,dkw, , ,NDT3,ESSFdkw,ESSFdkw,Engelmann Spruce -- Subalpine Fir,Dry Cool Woodland, , ,Ecosystems with frequent stand-initiating events,1070000.000000000000000,6400.000000000000000,1070000.000000000000000,6400.000000000000000,5117720.000000000000000,2992.591499761470914,379563.333831907482818,37.956333383190753
29,435.000000000000000,ESSF,dkw, , ,NDT3,ESSFdkw,ESSFdkw,Engelmann Spruce -- Subalpine Fir,Dry Cool Woodland, , ,Ecosystems with frequent stand-initiating events,40969166.368699997663498,163799.470800000010058,40969166.000000000000000,163799.000000000000000,5117731.000000000000000,230634.438002436858369,31243435.729720007628202,3124.343572972000857
30,435.000000000000000,ESSF,dkp, , ,NDT5,ESSFdkp,ESSFdkp,Engelmann Spruce -- Subalpine Fir,Dry Cool Parkland, , ,Alpine Tundra and Subalpine Parkland ecosystems,7372500.000000000000000,33700.000000000000000,7372500.000000000000000,33700.000000000000000,5117467.000000000000000,33519.542973621661076,1820434.327333081280813,182.043432733308123
31,435.000000000000000,ESSF,dkp, , ,NDT5,ESSFdkp,ESSFdkp,Engelmann Spruce -- Subalpine Fir,Dry Cool Parkland, , ,Alpine Tundra and Subalpine Parkland ecosystems,27346096.255699999630451,154395.814799999992829,27346096.000000000000000,154396.000000000000000,5117493.000000000000000,104451.510779603937408,5889271.974986231885850,588.927197498623173
32,435.000000000000000,IMA,un, , ,NDT5,IMAun,IMA un,Interior Mountain-heather Alpine,Undifferentiated, , ,Alpine Tundra and Subalpine Parkland ecosystems,6213698.607099999673665,47178.698299999996379,6213699.000000000000000,47179.000000000000000,5122062.000000000000000,1320.946144699375736,46023.193230128526920,4.602319323012853
33,435.000000000000000,ESSF,dkw, , ,NDT3,ESSFdkw,ESSFdkw,Engelmann Spruce -- Subalpine Fir,Dry Cool Woodland, , ,Ecosystems with frequent stand-initiating events,4461373.321399999782443,30905.647400000001653,4461373.000000000000000,30906.000000000000000,5117719.000000000000000,32738.273558108070574,3155753.901211170013994,315.575390121117039
34,435.000000000000000,ESSF,dkp, , ,NDT5,ESSFdkp,ESSFdkp,Engelmann Spruce -- Subalpine Fir,Dry Cool Parkland, , ,Alpine Tundra and Subalpine Parkland ecosystems,1186243.371700000017881,7866.280499999999847,1186243.000000000000000,7866.000000000000000,5117449.000000000000000,7857.416442547396400,736455.108442385331728,73.645510844238544
35,435.000000000000000,IMA,un, , ,NDT5,IMAun,IMA un,Interior Mountain-heather Alpine,Undifferentiated, , ,Alpine Tundra and Subalpine Parkland ecosystems,927704.917099999962375,9487.320599999999104,927705.000000000000000,9487.000000000000000,5122008.000000000000000,63.516928268551915,195.016583945418688,0.019501658394542
36,435.000000000000000,ESSF,wm,1, ,NDT2,ESSFwm1,ESSFwm 1,Engelmann Spruce -- Subalpine Fir,Wet Mild,Fernie, ,Ecosystems with infrequent stand-initiating events,67039414.086099997162819,158824.372000000003027,67039414.000000000000000,158824.000000000000000,5120743.000000000000000,181820.902945234527579,59747865.272672154009342,5974.786527267216115
37,435.000000000000000,MS,dk, , ,NDT3,MSdk,MS  dk,Montane Spruce,Dry Cool, , ,Ecosystems with frequent stand-initiating events,51500379.693300001323223,68157.946100000001024,51500380.000000000000000,68158.000000000000000,5125147.000000000000000,75758.067732094074017,51175946.010216876864433,5117.594601021687595
38,435.000000000000000,ESSF,dk,2, ,NDT3,ESSFdk2,ESSFdk 2,Engelmann Spruce -- Subalpine Fir,Dry Cool,Columbia, ,Ecosystems with frequent stand-initiating events,3673940.050199999939650,19428.280299999998533,3673940.000000000000000,19428.000000000000000,5117360.000000000000000,24407.689448022330907,3284318.062233101110905,328.431806223310105
39,435.000000000000000,ICH,mk,4, ,NDT3,ICHmk4,ICH mk 4,Interior Cedar -- Hemlock,Moist Cool,Elk, ,Ecosystems with frequent stand-initiating events,3375383.155300000216812,17283.980899999998655,3375383.000000000000000,17284.000000000000000,5121524.000000000000000,17255.515106982391444,3359264.157596187666059,335.926415759618806
40,435.000000000000000,ESSF,wmw, , ,NDT1,ESSFwmw,ESSFwmw,Engelmann Spruce -- Subalpine Fir,Wet Mild Woodland, , ,Ecosystems with rare stand-initiating events,15180137.621500000357628,81070.728099999992992,15180138.000000000000000,81071.000000000000000,5121034.000000000000000,111295.415462814024067,12914154.844319965690374,1291.415484431996674
41,435.000000000000000,ESSF,dk,2, ,NDT3,ESSFdk2,ESSFdk 2,Engelmann Spruce -- Subalpine Fir,Dry Cool,Columbia, ,Ecosystems with frequent stand-initiating events,13148495.930099999532104,60150.809500000003027,13148496.000000000000000,60151.000000000000000,5117361.000000000000000,66547.405591233182349,12762320.588140545412898,1276.232058814054653
42,435.000000000000000,ESSF,wmp, , ,NDT5,ESSFwmp,ESSFwmp,Engelmann Spruce -- Subalpine Fir,Wet Mild Parkland, , ,Alpine Tundra and Subalpine Parkland ecosystems,466643.636200000008103,6775.024400000000242,466644.000000000000000,6775.000000000000000,5120907.000000000000000,7136.014574656884179,276271.134403337724507,27.627113440333773
43,435.000000000000000,ESSF,dkw, , ,NDT3,ESSFdkw,ESSFdkw,Engelmann Spruce -- Subalpine Fir,Dry Cool Woodland, , ,Ecosystems with frequent stand-initiating events,5230787.469499999657273,35262.843300000000454,5230787.000000000000000,35263.000000000000000,5117724.000000000000000,37472.351994199525507,4863400.548457238823175,486.340054845723898
44,435.000000000000000,ESSF,dkp, , ,NDT5,ESSFdkp,ESSFdkp,Engelmann Spruce -- Subalpine Fir,Dry Cool Parkland, , ,Alpine Tundra and Subalpine Parkland ecosystems,178356.363799999991897,2216.604400000000169,178356.000000000000000,2217.000000000000000,5117463.000000000000000,2287.252722817378526,158648.511362487886799,15.864851136248790
45,435.000000000000000,IMA,un, , ,NDT5,IMAun,IMA un,Interior Mountain-heather Alpine,Undifferentiated, , ,Alpine Tundra and Subalpine Parkland ecosystems,1846384.440600000089034,11110.058699999999590,1846384.000000000000000,11110.000000000000000,5122086.000000000000000,9565.621523063655331,269592.592308044899255,26.959259230804491
46,435.000000000000000,ESSF,dkp, , ,NDT5,ESSFdkp,ESSFdkp,Engelmann Spruce -- Subalpine Fir,Dry Cool Parkland, , ,Alpine Tundra and Subalpine Parkland ecosystems,97287.141399999993155,1881.091400000000021,97287.000000000000000,1881.000000000000000,5117462.000000000000000,2235.165817621140832,51507.453590336204797,5.150745359033620
47,435.000000000000000,ESSF,wmp, , ,NDT5,ESSFwmp,ESSFwmp,Engelmann Spruce -- Subalpine Fir,Wet Mild Parkland, , ,Alpine Tundra and Subalpine Parkland ecosystems,35212.858599999999569,1332.465400000000045,35213.000000000000000,1332.000000000000000,5120902.000000000000000,1371.433010330648131,31371.870061527988582,3.137187006152799
48,435.000000000000000,MS,dk, , ,NDT3,MSdk,MS  dk,Montane Spruce,Dry Cool, , ,Ecosystems with frequent stand-initiating events,70526342.391699999570847,157667.147300000011455,70526342.000000000000000,157667.000000000000000,5125150.000000000000000,251193.751382166665280,66572850.958861656486988,6657.285095886166346
49,435.000000000000000,ESSF,dkp, , ,NDT5,ESSFdkp,ESSFdkp,Engelmann Spruce -- Subalpine Fir,Dry Cool Parkland, , ,Alpine Tundra and Subalpine Parkland ecosystems,179195.707900000008522,2716.030699999999797,179196.000000000000000,2716.000000000000000,5117458.000000000000000,2715.600647252510498,179123.234968837903580,17.912323496883790
50,435.000000000000000,ESSF,wmp, , ,NDT5,ESSFwmp,ESSFwmp,Engelmann Spruce -- Subalpine Fir,Wet Mild Parkland, , ,Alpine Tundra and Subalpine Parkland ecosystems,128304.292100000006030,2701.082699999999932,128304.000000000000000,2701.000000000000000,5120900.000000000000000,2700.693519865247254,128252.525142516504275,12.825252514251652
51,435.000000000000000,ESSF,wmp, , ,NDT5,ESSFwmp,ESSFwmp,Engelmann Spruce -- Subalpine Fir,Wet Mild Parkland, , ,Alpine Tundra and Subalpine Parkland ecosystems,105000.000000000000000,1600.000000000000000,105000.000000000000000,1600.000000000000000,5120901.000000000000000,854.467307363913051,14062.139636111547588,1.406213963611155
52,435.000000000000000,ESSF,dkp, , ,NDT5,ESSFdkp,ESSFdkp,Engelmann Spruce -- Subalpine Fir,Dry Cool Parkland, , ,Alpine Tundra and Subalpine Parkland ecosystems,268607.221100000024308,3726.224000000000160,268607.000000000000000,3726.000000000000000,5117450.000000000000000,4157.455428822388058,211308.316100937809097,21.130831610093782
53,435.000000000000000,ESSF,wmp, , ,NDT5,ESSFwmp,ESSFwmp,Engelmann Spruce -- Subalpine Fir,Wet Mild Parkland, , ,Alpine Tundra and Subalpine Parkland ecosystems,513892.778899999975692,5893.118000000000393,513893.000000000000000,5893.000000000000000,5120893.000000000000000,7138.116847597096239,399697.701901270309463,39.969770190127036
54,435.000000000000000,ESSF,wmp, , ,NDT5,ESSFwmp,ESSFwmp,Engelmann Spruce -- Subalpine Fir,Wet Mild Parkland, , ,Alpine Tundra and Subalpine Parkland ecosystems,155000.000000000000000,2500.000000000000000,155000.000000000000000,2500.000000000000000,5120906.000000000000000,3149.738911931477105,98588.716317734768381,9.858871631773477
55,435.000000000000000,ESSF,wmp, , ,NDT5,ESSFwmp,ESSFwmp,Engelmann Spruce -- Subalpine Fir,Wet Mild Parkland, , ,Alpine Tundra and Subalpine Parkland ecosystems,645000.000000000000000,5800.000000000000000,645000.000000000000000,5800.000000000000000,5120899.000000000000000,7792.346000795866530,252336.151368383609224,25.233615136838363
56,435.000000000000000,ESSF,wmp, , ,NDT5,ESSFwmp,ESSFwmp,Engelmann Spruce -- Subalpine Fir,Wet Mild Parkland, , ,Alpine Tundra and Subalpine Parkland ecosystems,537500.000000000000000,3900.000000000000000,537500.000000000000000,3900.000000000000000,5120895.000000000000000,5883.390009101073701,245111.664941951137735,24.511166494195116
57,435.000000000000000,ESSF,wmp, , ,NDT5,ESSFwmp,ESSFwmp,Engelmann Spruce -- Subalpine Fir,Wet Mild Parkland, , ,Alpine Tundra and Subalpine Parkland ecosystems,127500.000000000000000,2200.000000000000000,127500.000000000000000,2200.000000000000000,5120891.000000000000000,2928.889931416221771,80511.925603725831024,8.051192560372584
58,435.000000000000000,ESSF,wmp, , ,NDT5,ESSFwmp,ESSFwmp,Engelmann Spruce -- Subalpine Fir,Wet Mild Parkland, , ,Alpine Tundra and Subalpine Parkland ecosystems,82869.526800000006915,1523.908799999999928,82870.000000000000000,1524.000000000000000,5120888.000000000000000,730.710346123108934,5571.732213403504829,0.557173221340351
59,435.000000000000000,ESSF,wmw, , ,NDT1,ESSFwmw,ESSFwmw,Engelmann Spruce -- Subalpine Fir,Wet Mild Woodland, , ,Ecosystems with rare stand-initiating events,27694603.378100000321865,193810.333400000003166,27694603.000000000000000,193810.000000000000000,5121033.000000000000000,64391.759978910537029,5740768.652573479339480,574.076865257348004
60,435.000000000000000,ESSF,dkp, , ,NDT5,ESSFdkp,ESSFdkp,Engelmann Spruce -- Subalpine Fir,Dry Cool Parkland, , ,Alpine Tundra and Subalpine Parkland ecosystems,7077329.323599999770522,54579.825199999999313,7077329.000000000000000,54580.000000000000000,5117482.000000000000000,109.580569951047067,270.035698778147264,0.027003569877815
61,435.000000000000000,ESSF,wmp, , ,NDT5,ESSFwmp,ESSFwmp,Engelmann Spruce -- Subalpine Fir,Wet Mild Parkland, , ,Alpine Tundra and Subalpine Parkland ecosystems,4794136.055499999783933,37539.354399999996531,4794136.000000000000000,37539.000000000000000,5120908.000000000000000,13663.620364203175995,448006.341371564543806,44.800634137156457
62,435.000000000000000,ESSF,wmp, , ,NDT5,ESSFwmp,ESSFwmp,Engelmann Spruce -- Subalpine Fir,Wet Mild Parkland, , ,Alpine Tundra and Subalpine Parkland ecosystems,12457534.536399999633431,83655.244800000000396,12457535.000000000000000,83655.000000000000000,5120912.000000000000000,50703.822329894021095,2751600.254998226650059,275.160025499822666
63,435.000000000000000,IMA,un, , ,NDT5,IMAun,IMA un,Interior Mountain-heather Alpine,Undifferentiated, , ,Alpine Tundra and Subalpine Parkland ecosystems,2562220.705399999860674,19092.661000000000058,2562221.000000000000000,19093.000000000000000,5122048.000000000000000,502.563928031443481,6073.291485490698506,0.607329148549070
64,435.000000000000000,IMA,un, , ,NDT5,IMAun,IMA un,Interior Mountain-heather Alpine,Undifferentiated, , ,Alpine Tundra and Subalpine Parkland ecosystems,2867890.504999999888241,18424.677400000000489,2867891.000000000000000,18425.000000000000000,5122031.000000000000000,6428.529029523612735,251192.854744770564139,25.119285474477056
65,435.000000000000000,ESSF,wmw, , ,NDT1,ESSFwmw,ESSFwmw,Engelmann Spruce -- Subalpine Fir,Wet Mild Woodland, , ,Ecosystems with rare stand-initiating events,10881317.619799999520183,83725.753700000001118,10881318.000000000000000,83726.000000000000000,5121035.000000000000000,50348.757099765178282,4606645.208235357888043,460.664520823535838
66,435.000000000000000,ESSF,dkp, , ,NDT5,ESSFdkp,ESSFdkp,Engelmann Spruce -- Subalpine Fir,Dry Cool Parkland, , ,Alpine Tundra and Subalpine Parkland ecosystems,322107.632900000025984,5153.281600000000253,322108.000000000000000,5153.000000000000000,5117456.000000000000000,897.929515454591751,5306.250142951546877,0.530625014295155
67,435.000000000000000,ESSF,dkw, , ,NDT3,ESSFdkw,ESSFdkw,Engelmann Spruce -- Subalpine Fir,Dry Cool Woodland, , ,Ecosystems with frequent stand-initiating events,557205.846099999966100,7483.910299999999552,557206.000000000000000,7484.000000000000000,5117721.000000000000000,4421.372272647534373,130633.161330364280730,13.063316133036428
68,435.000000000000000,ESSF,wmp, , ,NDT5,ESSFwmp,ESSFwmp,Engelmann Spruce -- Subalpine Fir,Wet Mild Parkland, , ,Alpine Tundra and Subalpine Parkland ecosystems,5897173.691200000233948,54673.574599999999919,5897174.000000000000000,54674.000000000000000,5120890.000000000000000,3164.916346084895395,116549.566268049879000,11.654956626804989
69,435.000000000000000,ESSF,wmw, , ,NDT1,ESSFwmw,ESSFwmw,Engelmann Spruce -- Subalpine Fir,Wet Mild Woodland, , ,Ecosystems with rare stand-initiating events,2770000.000000000000000,26700.000000000000000,2770000.000000000000000,26700.000000000000000,5121026.000000000000000,31684.047869303132757,1589615.917391353752464,158.961591739135372
70,435.000000000000000,ESSF,wmp, , ,NDT5,ESSFwmp,ESSFwmp,Engelmann Spruce -- Subalpine Fir,Wet Mild Parkland, , ,Alpine Tundra and Subalpine Parkland ecosystems,1482500.000000000000000,10900.000000000000000,1482500.000000000000000,10900.000000000000000,5120881.000000000000000,18180.155920473178412,694291.616504064877518,69.429161650406485
71,435.000000000000000,ICH,dm, , ,NDT3,ICHdm,ICH dm,Interior Cedar -- Hemlock,Dry Mild, , ,Ecosystems with frequent stand-initiating events,24974859.872099999338388,52509.092700000001059,24974860.000000000000000,52509.000000000000000,5121446.000000000000000,11023.046411277477091,2703955.553987926803529,270.395555398792681
72,435.000000000000000,ESSF,wmw, , ,NDT1,ESSFwmw,ESSFwmw,Engelmann Spruce -- Subalpine Fir,Wet Mild Woodland, , ,Ecosystems with rare stand-initiating events,1835000.000000000000000,18100.000000000000000,1835000.000000000000000,18100.000000000000000,5121027.000000000000000,22760.355438827220496,1609857.433920271927491,160.985743392027189
73,435.000000000000000,ESSF,wmp, , ,NDT5,ESSFwmp,ESSFwmp,Engelmann Spruce -- Subalpine Fir,Wet Mild Parkland, , ,Alpine Tundra and Subalpine Parkland ecosystems,427500.000000000000000,4200.000000000000000,427500.000000000000000,4200.000000000000000,5120884.000000000000000,4517.805971267760469,390938.128354785090778,39.093812835478509
74,435.000000000000000,ESSF,wmp, , ,NDT5,ESSFwmp,ESSFwmp,Engelmann Spruce -- Subalpine Fir,Wet Mild Parkland, , ,Alpine Tundra and Subalpine Parkland ecosystems,255000.000000000000000,2900.000000000000000,255000.000000000000000,2900.000000000000000,5120887.000000000000000,3802.980465139886746,77320.720175983107765,7.732072017598311
75,435.000000000000000,ESSF,wmw, , ,NDT1,ESSFwmw,ESSFwmw,Engelmann Spruce -- Subalpine Fir,Wet Mild Woodland, , ,Ecosystems with rare stand-initiating events,509353.045700000016950,7056.289300000000367,509353.000000000000000,7056.000000000000000,5121016.000000000000000,5727.232496479156907,420493.013910768146161,42.049301391076817
76,435.000000000000000,ESSF,wmw, , ,NDT1,ESSFwmw,ESSFwmw,Engelmann Spruce -- Subalpine Fir,Wet Mild Woodland, , ,Ecosystems with rare stand-initiating events,791146.364399999962188,4642.907299999999850,791146.000000000000000,4643.000000000000000,5121024.000000000000000,4642.651576287993521,790802.282745998352766,79.080228274599833
77,435.000000000000000,ESSF,dkp, , ,NDT5,ESSFdkp,ESSFdkp,Engelmann Spruce -- Subalpine Fir,Dry Cool Parkland, , ,Alpine Tundra and Subalpine Parkland ecosystems,87130.473199999993085,2151.580800000000181,87130.000000000000000,2152.000000000000000,5117441.000000000000000,366.686152873097058,3001.283804902448537,0.300128380490245
78,435.000000000000000,ESSF,wmw, , ,NDT1,ESSFwmw,ESSFwmw,Engelmann Spruce -- Subalpine Fir,Wet Mild Woodland, , ,Ecosystems with rare stand-initiating events,8897939.773000000044703,49669.877699999997276,8897940.000000000000000,49670.000000000000000,5121009.000000000000000,47526.623734488501213,5177455.538626451976597,517.745553862645238
79,435.000000000000000,ESSF,wmw, , ,NDT1,ESSFwmw,ESSFwmw,Engelmann Spruce -- Subalpine Fir,Wet Mild Woodland, , ,Ecosystems with rare stand-initiating events,31697497.147700000554323,194999.610199999995530,31697497.000000000000000,195000.000000000000000,5121022.000000000000000,149090.874234534072457,9391552.079987609758973,939.155207998761057
80,435.000000000000000,ESSF,wmw, , ,NDT1,ESSFwmw,ESSFwmw,Engelmann Spruce -- Subalpine Fir,Wet Mild Woodland, , ,Ecosystems with rare stand-initiating events,492956.264000000024680,3856.600199999999859,492956.000000000000000,3857.000000000000000,5121020.000000000000000,3856.473056990806072,492768.311468263796996,49.276831146826382
81,435.000000000000000,ESSF,wmp, , ,NDT5,ESSFwmp,ESSFwmp,Engelmann Spruce -- Subalpine Fir,Wet Mild Parkland, , ,Alpine Tundra and Subalpine Parkland ecosystems,20987502.899999998509884,111699.884099999995669,20987503.000000000000000,111700.000000000000000,5120870.000000000000000,20994.139452049243118,774009.560165072558448,77.400956016507266
82,435.000000000000000,ESSF,dkw, , ,NDT3,ESSFdkw,ESSFdkw,Engelmann Spruce -- Subalpine Fir,Dry Cool Woodland, , ,Ecosystems with frequent stand-initiating events,2579817.020899999886751,21593.007300000001123,2579817.000000000000000,21593.000000000000000,5117717.000000000000000,8437.311962573856363,382151.864628817944322,38.215186462881796
83,435.000000000000000,ESSF,wmw, , ,NDT1,ESSFwmw,ESSFwmw,Engelmann Spruce -- Subalpine Fir,Wet Mild Woodland, , ,Ecosystems with rare stand-initiating events,2425182.979100000113249,27275.091300000000047,2425183.000000000000000,27275.000000000000000,5121028.000000000000000,5781.209147958242283,238003.984428703726735,23.800398442870375
84,435.000000000000000,ESSF,wmp, , ,NDT5,ESSFwmp,ESSFwmp,Engelmann Spruce -- Subalpine Fir,Wet Mild Parkland, , ,Alpine Tundra and Subalpine Parkland ecosystems,598471.507400000002235,8249.746100000000297,598472.000000000000000,8250.000000000000000,5120889.000000000000000,842.141291872605848,20758.712373373262380,2.075871237337326
85,435.000000000000000,ESSF,wmw, , ,NDT1,ESSFwmw,ESSFwmw,Engelmann Spruce -- Subalpine Fir,Wet Mild Woodland, , ,Ecosystems with rare stand-initiating events,30191977.773400001227856,132688.773099999991246,30191978.000000000000000,132689.000000000000000,5121031.000000000000000,135132.324425836093724,17475411.917694635689259,1747.541191769463694
86,435.000000000000000,ESSF,wmw, , ,NDT1,ESSFwmw,ESSFwmw,Engelmann Spruce -- Subalpine Fir,Wet Mild Woodland, , ,Ecosystems with rare stand-initiating events,795000.000000000000000,7300.000000000000000,795000.000000000000000,7300.000000000000000,5121025.000000000000000,9156.777055108179411,575586.529037744272500,57.558652903774430
87,435.000000000000000,ESSF,wmp, , ,NDT5,ESSFwmp,ESSFwmp,Engelmann Spruce -- Subalpine Fir,Wet Mild Parkland, , ,Alpine Tundra and Subalpine Parkland ecosystems,1940000.000000000000000,14200.000000000000000,1940000.000000000000000,14200.000000000000000,5120873.000000000000000,3303.680713063294206,57217.005143452821358,5.721700514345282
88,435.000000000000000,ESSF,wmw, , ,NDT1,ESSFwmw,ESSFwmw,Engelmann Spruce -- Subalpine Fir,Wet Mild Woodland, , ,Ecosystems with rare stand-initiating events,29038017.055399999022484,85486.443199999994249,29038017.000000000000000,85486.000000000000000,5121014.000000000000000,90285.267525747854961,28727881.273614428937435,2872.788127361443003
89,435.000000000000000,ESSF,dkw, , ,NDT3,ESSFdkw,ESSFdkw,Engelmann Spruce -- Subalpine Fir,Dry Cool Woodland, , ,Ecosystems with frequent stand-initiating events,24288437.741500001400709,115360.429399999993620,24288438.000000000000000,115360.000000000000000,5117716.000000000000000,118125.713508782442659,23898783.839694555848837,2389.878383969455626
90,435.000000000000000,ESSF,dkp, , ,NDT5,ESSFdkp,ESSFdkp,Engelmann Spruce -- Subalpine Fir,Dry Cool Parkland, , ,Alpine Tundra and Subalpine Parkland ecosystems,1893015.898100000107661,13757.738699999999881,1893016.000000000000000,13758.000000000000000,5117431.000000000000000,13757.343031130469171,1892579.124680254142731,189.257912468025410
91,435.000000000000000,ESSF,dkp, , ,NDT5,ESSFdkp,ESSFdkp,Engelmann Spruce -- Subalpine Fir,Dry Cool Parkland, , ,Alpine Tundra and Subalpine Parkland ecosystems,554759.001999999978580,7239.458499999999731,554759.000000000000000,7239.000000000000000,5117429.000000000000000,7238.186998192993997,554637.058816956705414,55.463705881695674
92,435.000000000000000,ESSF,dkp, , ,NDT5,ESSFdkp,ESSFdkp,Engelmann Spruce -- Subalpine Fir,Dry Cool Parkland, , ,Alpine Tundra and Subalpine Parkland ecosystems,1322500.000000000000000,9200.000000000000000,1322500.000000000000000,9200.000000000000000,5117437.000000000000000,12520.932342761121618,1070805.307341057341546,107.080530734105736
93,435.000000000000000,ESSF,dkw, , ,NDT3,ESSFdkw,ESSFdkw,Engelmann Spruce -- Subalpine Fir,Dry Cool Woodland, , ,Ecosystems with frequent stand-initiating events,24029668.172600001096725,65496.783400000000256,24029668.000000000000000,65497.000000000000000,5117698.000000000000000,75950.088902447489090,21069595.428552821278572,2106.959542855282052
94,435.000000000000000,ESSF,dkp, , ,NDT5,ESSFdkp,ESSFdkp,Engelmann Spruce -- Subalpine Fir,Dry Cool Parkland, , ,Alpine Tundra and Subalpine Parkland ecosystems,517500.000000000000000,3900.000000000000000,517500.000000000000000,3900.000000000000000,5117411.000000000000000,5233.309508756390642,324878.410915046813898,32.487841091504684
95,435.000000000000000,ESSF,dkw, , ,NDT3,ESSFdkw,ESSFdkw,Engelmann Spruce -- Subalpine Fir,Dry Cool Woodland, , ,Ecosystems with frequent stand-initiating events,11278444.338999999687076,38380.362699999997858,11278444.000000000000000,38380.000000000000000,5117699.000000000000000,48595.309725909573899,10630715.605652529746294,1063.071560565253094
96,435.000000000000000,ESSF,dkp, , ,NDT5,ESSFdkp,ESSFdkp,Engelmann Spruce -- Subalpine Fir,Dry Cool Parkland, , ,Alpine Tundra and Subalpine Parkland ecosystems,1045003.125000000000000,6799.875200000000405,1045003.000000000000000,6800.000000000000000,5117414.000000000000000,8350.652078159122539,603122.081031465204433,60.312208103146524
97,435.000000000000000,ESSF,dkw, , ,NDT3,ESSFdkw,ESSFdkw,Engelmann Spruce -- Subalpine Fir,Dry Cool Woodland, , ,Ecosystems with frequent stand-initiating events,7150000.000000000000000,36000.000000000000000,7150000.000000000000000,36000.000000000000000,5117706.000000000000000,48567.652471775647427,3527871.534268183633685,352.787153426818406
98,435.000000000000000,ESSF,dkp, , ,NDT5,ESSFdkp,ESSFdkp,Engelmann Spruce -- Subalpine Fir,Dry Cool Parkland, , ,Alpine Tundra and Subalpine Parkland ecosystems,2532500.000000000000000,13200.000000000000000,2532500.000000000000000,13200.000000000000000,5117421.000000000000000,16298.076404346214986,854714.172500314889476,85.471417250031493
99,435.000000000000000,ESSF,dkp, , ,NDT5,ESSFdkp,ESSFdkp,Engelmann Spruce -- Subalpine Fir,Dry Cool Parkland, , ,Alpine Tundra and Subalpine Parkland ecosystems,27352945.118400000035763,127731.656900000001770,27352945.000000000000000,127732.000000000000000,5117430.000000000000000,22785.122353056078282,853894.301317639066838,85.389430131763916
100,435.000000000000000,ESSF,dkw, , ,NDT3,ESSFdkw,ESSFdkw,Engelmann Spruce -- Subalpine Fir,Dry Cool Woodland, , ,Ecosystems with frequent stand-initiating events,40177503.031300000846386,166499.539799999998650,40177503.000000000000000,166500.000000000000000,5117711.000000000000000,185891.586739278340247,34857464.714661523699760,3485.746471466152343
101,435.000000000000000,ESSF,dkp, , ,NDT5,ESSFdkp,ESSFdkp,Engelmann Spruce -- Subalpine Fir,Dry Cool Parkland, , ,Alpine Tundra and Subalpine Parkland ecosystems,10187500.093800000846386,46699.664599999996426,10187500.000000000000000,46700.000000000000000,5117425.000000000000000,57294.924772650192608,6446632.962248002178967,644.663296224800206
102,435.000000000000000,ESSF,dkp, , ,NDT5,ESSFdkp,ESSFdkp,Engelmann Spruce -- Subalpine Fir,Dry Cool Parkland, , ,Alpine Tundra and Subalpine Parkland ecosystems,1637500.000000000000000,8800.000000000000000,1637500.000000000000000,8800.000000000000000,5117422.000000000000000,8800.723459664404800,1637324.009631491033360,163.732400963149104
103,435.000000000000000,ESSF,dkp, , ,NDT5,ESSFdkp,ESSFdkp,Engelmann Spruce -- Subalpine Fir,Dry Cool Parkland, , ,Alpine Tundra and Subalpine Parkland ecosystems,1332496.875000000000000,7499.875200000000405,1332497.000000000000000,7500.000000000000000,5117428.000000000000000,10470.589810476682032,990214.612176105729304,99.021461217610579
104,435.000000000000000,ESSF,dkw, , ,NDT3,ESSFdkw,ESSFdkw,Engelmann Spruce -- Subalpine Fir,Dry Cool Woodland, , ,Ecosystems with frequent stand-initiating events,3087941.160999999847263,13016.764900000000125,3087941.000000000000000,13017.000000000000000,5117712.000000000000000,14450.837907730194274,2718363.323117205873132,271.836332311720582
105,435.000000000000000,ESSF,dk,1, ,NDT3,ESSFdk1,ESSFdk 1,Engelmann Spruce -- Subalpine Fir,Dry Cool,Elk, ,Ecosystems with frequent stand-initiating events,11338451.280700000002980,48013.769399999997404,11338451.000000000000000,48014.000000000000000,5117334.000000000000000,48011.949751726315299,11336720.211812671273947,1133.672021181267155
106,435.000000000000000,ESSF,dkw, , ,NDT3,ESSFdkw,ESSFdkw,Engelmann Spruce -- Subalpine Fir,Dry Cool Woodland, , ,Ecosystems with frequent stand-initiating events,872160.842399999964982,8985.755999999999403,872161.000000000000000,8986.000000000000000,5117715.000000000000000,8985.882383924159512,872028.162849872489460,87.202816284987250
107,435.000000000000000,ESSF,dk,1, ,NDT3,ESSFdk1,ESSFdk 1,Engelmann Spruce -- Subalpine Fir,Dry Cool,Elk, ,Ecosystems with frequent stand-initiating events,506822.130000000004657,3804.799899999999980,506822.000000000000000,3805.000000000000000,5117335.000000000000000,6418.838877274682091,235402.240861311700428,23.540224086131172
108,435.000000000000000,ESSF,dkp, , ,NDT5,ESSFdkp,ESSFdkp,Engelmann Spruce -- Subalpine Fir,Dry Cool Parkland, , ,Alpine Tundra and Subalpine Parkland ecosystems,1441725.011399999959394,8527.634899999999107,1441725.000000000000000,8528.000000000000000,5117445.000000000000000,2124.585577503004060,73074.559561577771092,7.307455956157778
109,435.000000000000000,ESSF,wmw, , ,NDT1,ESSFwmw,ESSFwmw,Engelmann Spruce -- Subalpine Fir,Wet Mild Woodland, , ,Ecosystems with rare stand-initiating events,3407064.807800000067800,14876.411899999999150,3407065.000000000000000,14876.000000000000000,5121007.000000000000000,1001.341363239006228,48349.242333421687363,4.834924233342169
110,435.000000000000000,ESSF,dk,1, ,NDT3,ESSFdk1,ESSFdk 1,Engelmann Spruce -- Subalpine Fir,Dry Cool,Elk, ,Ecosystems with frequent stand-initiating events,7935813.109199999831617,36619.784699999996519,7935813.000000000000000,36620.000000000000000,5117328.000000000000000,1871.332254928261364,94824.151746878211270,9.482415174687821
111,435.000000000000000,ESSF,wmw, , ,NDT1,ESSFwmw,ESSFwmw,Engelmann Spruce -- Subalpine Fir,Wet Mild Woodland, , ,Ecosystems with rare stand-initiating events,3499118.239599999971688,26270.557499999998981,3499118.000000000000000,26271.000000000000000,5121003.000000000000000,12190.733914597258263,549812.886223078356124,54.981288622307837
112,435.000000000000000,ESSF,wmp, , ,NDT5,ESSFwmp,ESSFwmp,Engelmann Spruce -- Subalpine Fir,Wet Mild Parkland, , ,Alpine Tundra and Subalpine Parkland ecosystems,3340755.557699999772012,17517.588700000000244,3340756.000000000000000,17518.000000000000000,5120847.000000000000000,12824.708969482915563,594087.921187903382815,59.408792118790338
113,435.000000000000000,ICH,dm, , ,NDT3,ICHdm,ICH dm,Interior Cedar -- Hemlock,Dry Mild, , ,Ecosystems with frequent stand-initiating events,38206727.234399996697903,74333.445500000001630,38206727.000000000000000,74333.000000000000000,5121444.000000000000000,124487.551248699382995,32436000.032777301967144,3243.600003277730139
114,435.000000000000000,ESSF,dk,1, ,NDT3,ESSFdk1,ESSFdk 1,Engelmann Spruce -- Subalpine Fir,Dry Cool,Elk, ,Ecosystems with frequent stand-initiating events,12794099.147800000384450,62135.848100000002887,12794099.000000000000000,62136.000000000000000,5117323.000000000000000,25614.197797450458893,2117859.369859738275409,211.785936985973848
115,435.000000000000000,ESSF,dkw, , ,NDT3,ESSFdkw,ESSFdkw,Engelmann Spruce -- Subalpine Fir,Dry Cool Woodland, , ,Ecosystems with frequent stand-initiating events,5012499.394199999980628,25699.778500000000349,5012499.000000000000000,25700.000000000000000,5117696.000000000000000,16752.686202821168990,732666.141938239452429,73.266614193823955
116,435.000000000000000,ESSF,wmw, , ,NDT1,ESSFwmw,ESSFwmw,Engelmann Spruce -- Subalpine Fir,Wet Mild Woodland, , ,Ecosystems with rare stand-initiating events,2152499.979999999981374,16499.911599999999453,2152500.000000000000000,16500.000000000000000,5120988.000000000000000,11916.158508717928271,567441.315406702575274,56.744131540670260
117,435.000000000000000,ICH,mk,4, ,NDT3,ICHmk4,ICH mk 4,Interior Cedar -- Hemlock,Moist Cool,Elk, ,Ecosystems with frequent stand-initiating events,8892541.217199999839067,25532.561000000001513,8892541.000000000000000,25533.000000000000000,5121520.000000000000000,42662.782510211945919,8030382.454201514832675,803.038245420151497
118,435.000000000000000,ESSF,wmw, , ,NDT1,ESSFwmw,ESSFwmw,Engelmann Spruce -- Subalpine Fir,Wet Mild Woodland, , ,Ecosystems with rare stand-initiating events,3877500.000000000000000,26000.000000000000000,3877500.000000000000000,26000.000000000000000,5120999.000000000000000,28475.079020547069376,2332528.421658450271934,233.252842165845038
119,435.000000000000000,ESSF,dkw, , ,NDT3,ESSFdkw,ESSFdkw,Engelmann Spruce -- Subalpine Fir,Dry Cool Woodland, , ,Ecosystems with frequent stand-initiating events,39003878.359300002455711,209319.061199999996461,39003878.000000000000000,209319.000000000000000,5117692.000000000000000,185424.296361810062081,19224047.535714071244001,1922.404753571407127
120,435.000000000000000,ESSF,dkp, , ,NDT5,ESSFdkp,ESSFdkp,Engelmann Spruce -- Subalpine Fir,Dry Cool Parkland, , ,Alpine Tundra and Subalpine Parkland ecosystems,2470000.595399999991059,15699.956000000000131,2470001.000000000000000,15700.000000000000000,5117402.000000000000000,854.567130366049696,26977.075250681398757,2.697707525068140
121,435.000000000000000,ESSF,dkw, , ,NDT3,ESSFdkw,ESSFdkw,Engelmann Spruce -- Subalpine Fir,Dry Cool Woodland, , ,Ecosystems with frequent stand-initiating events,14699999.474700000137091,91699.763300000005984,14699999.000000000000000,91700.000000000000000,5117671.000000000000000,50996.546519646231900,2754076.957064556423575,275.407695706455684
122,435.000000000000000,ESSF,dkp, , ,NDT5,ESSFdkp,ESSFdkp,Engelmann Spruce -- Subalpine Fir,Dry Cool Parkland, , ,Alpine Tundra and Subalpine Parkland ecosystems,5992500.000000000000000,30900.000000000000000,5992500.000000000000000,30900.000000000000000,5117399.000000000000000,170.881625741899995,1633.766137804789423,0.163376613780479
123,435.000000000000000,MS,dw, , ,NDT3,MSdw,MS  dw,Montane Spruce,Dry Warm, , ,Ecosystems with frequent stand-initiating events,1200921.688300000037998,6494.771499999999833,1200922.000000000000000,6495.000000000000000,5125206.000000000000000,6493.724589776900757,1201108.884796981466934,120.110888479698147
124,435.000000000000000,ESSF,dkw, , ,NDT3,ESSFdkw,ESSFdkw,Engelmann Spruce -- Subalpine Fir,Dry Cool Woodland, , ,Ecosystems with frequent stand-initiating events,26644364.970699999481440,171993.028800000000047,26644365.000000000000000,171993.000000000000000,5117664.000000000000000,133854.259081632160814,11577204.978529926389456,1157.720497852992594
125,435.000000000000000,ESSF,dkp, , ,NDT5,ESSFdkp,ESSFdkp,Engelmann Spruce -- Subalpine Fir,Dry Cool Parkland, , ,Alpine Tundra and Subalpine Parkland ecosystems,10172500.000000000000000,45800.000000000000000,10172500.000000000000000,45800.000000000000000,5117397.000000000000000,14496.542686771665103,466159.172405230987351,46.615917240523103
126,435.000000000000000,ESSF,dkw, , ,NDT3,ESSFdkw,ESSFdkw,Engelmann Spruce -- Subalpine Fir,Dry Cool Woodland, , ,Ecosystems with frequent stand-initiating events,3592500.000000000000000,17400.000000000000000,3592500.000000000000000,17400.000000000000000,5117677.000000000000000,23647.979844421606686,2742342.259531643707305,274.234225953164412
127,435.000000000000000,ESSF,dkw, , ,NDT3,ESSFdkw,ESSFdkw,Engelmann Spruce -- Subalpine Fir,Dry Cool Woodland, , ,Ecosystems with frequent stand-initiating events,717293.450700000044890,4378.941600000000108,717293.000000000000000,4379.000000000000000,5117665.000000000000000,6542.306969100362039,445990.126326771278400,44.599012632677130
128,435.000000000000000,ESSF,dkw, , ,NDT3,ESSFdkw,ESSFdkw,Engelmann Spruce -- Subalpine Fir,Dry Cool Woodland, , ,Ecosystems with frequent stand-initiating events,3550000.000000000000000,17600.000000000000000,3550000.000000000000000,17600.000000000000000,5117680.000000000000000,19489.019096954318229,2435214.589443654753268,243.521458944365492
129,435.000000000000000,ESSF,dkp, , ,NDT5,ESSFdkp,ESSFdkp,Engelmann Spruce -- Subalpine Fir,Dry Cool Parkland, , ,Alpine Tundra and Subalpine Parkland ecosystems,2328606.395500000100583,17114.644499999998516,2328606.000000000000000,17115.000000000000000,5117394.000000000000000,3924.406713957213015,154540.290603601315524,15.454029060360133
130,435.000000000000000,ESSF,dkp, , ,NDT5,ESSFdkp,ESSFdkp,Engelmann Spruce -- Subalpine Fir,Dry Cool Parkland, , ,Alpine Tundra and Subalpine Parkland ecosystems,204808.605099999986123,3724.432699999999841,204809.000000000000000,3724.000000000000000,5117393.000000000000000,32.734608217891662,36.521270790593022,0.003652127079059
131,435.000000000000000,ESSF,dk,1, ,NDT3,ESSFdk1,ESSFdk 1,Engelmann Spruce -- Subalpine Fir,Dry Cool,Elk, ,Ecosystems with frequent stand-initiating events,6798617.907300000078976,20161.833699999999226,6798618.000000000000000,20162.000000000000000,5117313.000000000000000,21782.035964757720649,5998644.063903544098139,599.864406390354475
132,435.000000000000000,ESSF,dkp, , ,NDT5,ESSFdkp,ESSFdkp,Engelmann Spruce -- Subalpine Fir,Dry Cool Parkland, , ,Alpine Tundra and Subalpine Parkland ecosystems,775892.323699999949895,5948.363400000000183,775892.000000000000000,5948.000000000000000,5117400.000000000000000,6027.053517167701102,310676.967640511400532,31.067696764051142
133,435.000000000000000,MS,dw, , ,NDT3,MSdw,MS  dw,Montane Spruce,Dry Warm, , ,Ecosystems with frequent stand-initiating events,634370.098800000036135,5403.534700000000157,634370.000000000000000,5404.000000000000000,5125207.000000000000000,5827.877482827522726,580278.693600869853981,58.027869360086989
134,435.000000000000000,ESSF,dkp, , ,NDT5,ESSFdkp,ESSFdkp,Engelmann Spruce -- Subalpine Fir,Dry Cool Parkland, , ,Alpine Tundra and Subalpine Parkland ecosystems,3824909.698900000192225,18033.725900000001275,3824910.000000000000000,18034.000000000000000,5117395.000000000000000,4242.707312265598375,119525.017215826897882,11.952501721582690
135,435.000000000000000,ESSF,dkp, , ,NDT5,ESSFdkp,ESSFdkp,Engelmann Spruce -- Subalpine Fir,Dry Cool Parkland, , ,Alpine Tundra and Subalpine Parkland ecosystems,1307953.147600000025705,7835.578900000000431,1307953.000000000000000,7836.000000000000000,5117398.000000000000000,8593.525450515797274,639119.491828598431312,63.911949182859843
136,435.000000000000000,ESSF,dkw, , ,NDT3,ESSFdkw,ESSFdkw,Engelmann Spruce -- Subalpine Fir,Dry Cool Woodland, , ,Ecosystems with frequent stand-initiating events,847209.010899999993853,9751.522300000000541,847209.000000000000000,9752.000000000000000,5117659.000000000000000,5344.381134077131719,303105.699371227645315,30.310569937122764
137,435.000000000000000,ESSF,dkw, , ,NDT3,ESSFdkw,ESSFdkw,Engelmann Spruce -- Subalpine Fir,Dry Cool Woodland, , ,Ecosystems with frequent stand-initiating events,9446576.012800000607967,51163.329599999997299,9446576.000000000000000,51163.000000000000000,5117657.000000000000000,59586.780047061169171,7349606.887188557535410,734.960688718855749
138,435.000000000000000,ESSF,dkw, , ,NDT3,ESSFdkw,ESSFdkw,Engelmann Spruce -- Subalpine Fir,Dry Cool Woodland, , ,Ecosystems with frequent stand-initiating events,18442499.855599999427795,93499.620500000004540,18442500.000000000000000,93500.000000000000000,5117669.000000000000000,66739.492738140135771,4485406.807004611939192,448.540680700461223
139,435.000000000000000,ESSF,dkw, , ,NDT3,ESSFdkw,ESSFdkw,Engelmann Spruce -- Subalpine Fir,Dry Cool Woodland, , ,Ecosystems with frequent stand-initiating events,8745000.000000000000000,40400.000000000000000,8745000.000000000000000,40400.000000000000000,5117663.000000000000000,48884.189177851498243,5452231.322860849089921,545.223132286084933
140,435.000000000000000,ESSF,dkw, , ,NDT3,ESSFdkw,ESSFdkw,Engelmann Spruce -- Subalpine Fir,Dry Cool Woodland, , ,Ecosystems with frequent stand-initiating events,1145000.000000000000000,9900.000000000000000,1145000.000000000000000,9900.000000000000000,5117667.000000000000000,10317.052733008740688,716328.102079503703862,71.632810207950371
141,435.000000000000000,ESSF,dkw, , ,NDT3,ESSFdkw,ESSFdkw,Engelmann Spruce -- Subalpine Fir,Dry Cool Woodland, , ,Ecosystems with frequent stand-initiating events,1180000.000000000000000,6200.000000000000000,1180000.000000000000000,6200.000000000000000,5117670.000000000000000,6198.875758052363381,1179882.171922058565542,117.988217192205866
142,435.000000000000000,ESSF,dkw, , ,NDT3,ESSFdkw,ESSFdkw,Engelmann Spruce -- Subalpine Fir,Dry Cool Woodland, , ,Ecosystems with frequent stand-initiating events,2095000.000000000000000,14200.000000000000000,2095000.000000000000000,14200.000000000000000,5117673.000000000000000,18629.701857385029143,901780.856314670643769,90.178085631467070
143,435.000000000000000,ESSF,dkw, , ,NDT3,ESSFdkw,ESSFdkw,Engelmann Spruce -- Subalpine Fir,Dry Cool Woodland, , ,Ecosystems with frequent stand-initiating events,29934289.058800000697374,154798.829399999987800,29934289.000000000000000,154799.000000000000000,5117690.000000000000000,116341.531810857923119,10896252.659153370186687,1089.625265915336968
144,435.000000000000000,ESSF,dkp, , ,NDT5,ESSFdkp,ESSFdkp,Engelmann Spruce -- Subalpine Fir,Dry Cool Parkland, , ,Alpine Tundra and Subalpine Parkland ecosystems,2292500.000000000000000,18200.000000000000000,2292500.000000000000000,18200.000000000000000,5117401.000000000000000,4003.969084544720772,106478.043672543353750,10.647804367254336
145,435.000000000000000,ESSF,dkp, , ,NDT5,ESSFdkp,ESSFdkp,Engelmann Spruce -- Subalpine Fir,Dry Cool Parkland, , ,Alpine Tundra and Subalpine Parkland ecosystems,5387155.056699999608099,25367.107100000001083,5387155.000000000000000,25367.000000000000000,5117403.000000000000000,4154.396979756238579,186066.482005413185107,18.606648200541319
146,435.000000000000000,ESSF,wmw, , ,NDT1,ESSFwmw,ESSFwmw,Engelmann Spruce -- Subalpine Fir,Wet Mild Woodland, , ,Ecosystems with rare stand-initiating events,19890238.645899999886751,119208.287400000001071,19890239.000000000000000,119208.000000000000000,5120982.000000000000000,117593.796825630372041,10569811.722561886534095,1056.981172256188756
147,435.000000000000000,ESSF,wmp, , ,NDT5,ESSFwmp,ESSFwmp,Engelmann Spruce -- Subalpine Fir,Wet Mild Parkland, , ,Alpine Tundra and Subalpine Parkland ecosystems,7688900.021599999628961,34546.048300000002200,7688900.000000000000000,34546.000000000000000,5120815.000000000000000,18621.806064522472298,1307513.027978460304439,130.751302797846023
148,435.000000000000000,ESSF,wmp, , ,NDT5,ESSFwmp,ESSFwmp,Engelmann Spruce -- Subalpine Fir,Wet Mild Parkland, , ,Alpine Tundra and Subalpine Parkland ecosystems,1512636.651599999982864,12429.735800000000381,1512637.000000000000000,12430.000000000000000,5120804.000000000000000,6996.065593517113484,317497.637857837660704,31.749763785783767
149,435.000000000000000,ESSF,dkw, , ,NDT3,ESSFdkw,ESSFdkw,Engelmann Spruce -- Subalpine Fir,Dry Cool Woodland, , ,Ecosystems with frequent stand-initiating events,15019996.910099999979138,73799.732199999998556,15019997.000000000000000,73800.000000000000000,5117695.000000000000000,86676.213450568902772,11920577.469422670081258,1192.057746942267158
150,435.000000000000000,ESSF,dkp, , ,NDT5,ESSFdkp,ESSFdkp,Engelmann Spruce -- Subalpine Fir,Dry Cool Parkland, , ,Alpine Tundra and Subalpine Parkland ecosystems,4815003.089900000020862,27099.732199999998556,4815003.000000000000000,27100.000000000000000,5117410.000000000000000,38737.306185627036029,2818579.133030940312892,281.857913303094051
151,435.000000000000000,ESSF,dkp, , ,NDT5,ESSFdkp,ESSFdkp,Engelmann Spruce -- Subalpine Fir,Dry Cool Parkland, , ,Alpine Tundra and Subalpine Parkland ecosystems,332500.000000000000000,3800.000000000000000,332500.000000000000000,3800.000000000000000,5117409.000000000000000,3799.108048491306363,332462.012950183183420,33.246201295018317
152,435.000000000000000,ESSF,wm,1, ,NDT2,ESSFwm1,ESSFwm 1,Engelmann Spruce -- Subalpine Fir,Wet Mild,Fernie, ,Ecosystems with infrequent stand-initiating events,1624838.059499999973923,6853.494800000000396,1624838.000000000000000,6853.000000000000000,5120738.000000000000000,6851.164205273157677,1624601.033888122066855,162.460103388812200
153,435.000000000000000,ESSF,wm,1, ,NDT2,ESSFwm1,ESSFwm 1,Engelmann Spruce -- Subalpine Fir,Wet Mild,Fernie, ,Ecosystems with infrequent stand-initiating events,133466789.911699995398521,387124.020000000018626,133466790.000000000000000,387124.000000000000000,5120740.000000000000000,442668.584053124184720,127959980.265743643045425,12795.998026574365213
154,435.000000000000000,MS,dw, , ,NDT3,MSdw,MS  dw,Montane Spruce,Dry Warm, , ,Ecosystems with frequent stand-initiating events,126060560.073899999260902,261330.059000000008382,126060560.000000000000000,261330.000000000000000,5125209.000000000000000,162626.431886254198616,25030457.758901875466108,2503.045775890187542
155,435.000000000000000,ESSF,dk,1, ,NDT3,ESSFdk1,ESSFdk 1,Engelmann Spruce -- Subalpine Fir,Dry Cool,Elk, ,Ecosystems with frequent stand-initiating events,1203004219.997600078582764,2195045.995000000111759,1203004220.000000000000000,2195046.000000000000000,5117336.000000000000000,3369945.800502646714449,1004440817.877528429031372,100444.081787752846139
156,435.000000000000000,ESSF,dkw, , ,NDT3,ESSFdkw,ESSFdkw,Engelmann Spruce -- Subalpine Fir,Dry Cool Woodland, , ,Ecosystems with frequent stand-initiating events,46912202.809299997985363,259610.194799999997485,46912203.000000000000000,259610.000000000000000,5117713.000000000000000,188746.148231874714838,15949914.360371787101030,1594.991436037178801
157,435.000000000000000,ESSF,dkw, , ,NDT3,ESSFdkw,ESSFdkw,Engelmann Spruce -- Subalpine Fir,Dry Cool Woodland, , ,Ecosystems with frequent stand-initiating events,13000156.640300000086427,66865.970100000005914,13000157.000000000000000,66866.000000000000000,5117697.000000000000000,88737.891609794402029,8429726.330970279872417,842.972633097028051
158,435.000000000000000,MS,dw, , ,NDT3,MSdw,MS  dw,Montane Spruce,Dry Warm, , ,Ecosystems with frequent stand-initiating events,400228288.746999979019165,502350.728599999973085,400228289.000000000000000,502351.000000000000000,5125214.000000000000000,1008433.376651265192777,378496370.153679907321930,37849.637015367989079
159,435.000000000000000,ESSF,dkw, , ,NDT3,ESSFdkw,ESSFdkw,Engelmann Spruce -- Subalpine Fir,Dry Cool Woodland, , ,Ecosystems with frequent stand-initiating events,6825000.000000000000000,29000.000000000000000,6825000.000000000000000,29000.000000000000000,5117687.000000000000000,30332.504393284587422,3015344.595562740694731,301.534459556274101
160,435.000000000000000,ESSF,dkp, , ,NDT5,ESSFdkp,ESSFdkp,Engelmann Spruce -- Subalpine Fir,Dry Cool Parkland, , ,Alpine Tundra and Subalpine Parkland ecosystems,5549987.187900000251830,27454.970099999998638,5549987.000000000000000,27455.000000000000000,5117415.000000000000000,37947.684951512230327,2485781.479738644324243,248.578147973864446
161,435.000000000000000,ESSF,dkw, , ,NDT3,ESSFdkw,ESSFdkw,Engelmann Spruce -- Subalpine Fir,Dry Cool Woodland, , ,Ecosystems with frequent stand-initiating events,3135000.011200000066310,15799.930000000000291,3135000.000000000000000,15800.000000000000000,5117679.000000000000000,10860.528812160573580,1089828.230070023331791,108.982823007002338
162,435.000000000000000,ESSF,dkp, , ,NDT5,ESSFdkp,ESSFdkp,Engelmann Spruce -- Subalpine Fir,Dry Cool Parkland, , ,Alpine Tundra and Subalpine Parkland ecosystems,149223.587999999988824,2079.609399999999823,149224.000000000000000,2080.000000000000000,5117420.000000000000000,1455.305464100682912,37928.287002980723628,3.792828700298073
163,435.000000000000000,ESSF,dkp, , ,NDT5,ESSFdkp,ESSFdkp,Engelmann Spruce -- Subalpine Fir,Dry Cool Parkland, , ,Alpine Tundra and Subalpine Parkland ecosystems,1832095.123099999967963,11599.781100000000151,1832095.000000000000000,11600.000000000000000,5117419.000000000000000,8186.972822286313203,270818.939327055879403,27.081893932705590
164,435.000000000000000,ESSF,dkw, , ,NDT3,ESSFdkw,ESSFdkw,Engelmann Spruce -- Subalpine Fir,Dry Cool Woodland, , ,Ecosystems with frequent stand-initiating events,1822500.000000000000000,13100.000000000000000,1822500.000000000000000,13100.000000000000000,5117683.000000000000000,3256.063164836364649,132956.545834573422326,13.295654583457344
165,435.000000000000000,ESSF,dkp, , ,NDT5,ESSFdkp,ESSFdkp,Engelmann Spruce -- Subalpine Fir,Dry Cool Parkland, , ,Alpine Tundra and Subalpine Parkland ecosystems,468136.595399999991059,6134.556800000000294,468137.000000000000000,6135.000000000000000,5117417.000000000000000,914.449203380102745,21681.740342782402877,2.168174034278240
166,435.000000000000000,ESSF,dkw, , ,NDT3,ESSFdkw,ESSFdkw,Engelmann Spruce -- Subalpine Fir,Dry Cool Woodland, , ,Ecosystems with frequent stand-initiating events,618672.612199999974109,5604.914999999999964,618673.000000000000000,5605.000000000000000,5117675.000000000000000,2328.179557431249123,68036.003187116948538,6.803600318711696
167,435.000000000000000,ESSF,dkw, , ,NDT3,ESSFdkw,ESSFdkw,Engelmann Spruce -- Subalpine Fir,Dry Cool Woodland, , ,Ecosystems with frequent stand-initiating events,1022348.810500000021420,6573.032699999999750,1022349.000000000000000,6573.000000000000000,5117656.000000000000000,10223.573307211157953,637143.014308223035187,63.714301430822310
168,435.000000000000000,ESSF,dkw, , ,NDT3,ESSFdkw,ESSFdkw,Engelmann Spruce -- Subalpine Fir,Dry Cool Woodland, , ,Ecosystems with frequent stand-initiating events,5344838.768299999646842,22217.873500000001513,5344839.000000000000000,22218.000000000000000,5117693.000000000000000,6713.389604713710469,604422.787483465392143,60.442278748346546
169,435.000000000000000,ESSF,wmw, , ,NDT1,ESSFwmw,ESSFwmw,Engelmann Spruce -- Subalpine Fir,Wet Mild Woodland, , ,Ecosystems with rare stand-initiating events,1287500.625900000100955,10499.866900000000896,1287501.000000000000000,10500.000000000000000,5120986.000000000000000,11304.736145536644472,495018.556446947215591,49.501855644694722
170,435.000000000000000,ESSF,dk,1, ,NDT3,ESSFdk1,ESSFdk 1,Engelmann Spruce -- Subalpine Fir,Dry Cool,Elk, ,Ecosystems with frequent stand-initiating events,189484007.387800008058548,399823.768299999996088,189484007.000000000000000,399824.000000000000000,5117317.000000000000000,12582.166040287922442,1529963.227323280181736,152.996322732328025
171,435.000000000000000,ESSF,wmw, , ,NDT1,ESSFwmw,ESSFwmw,Engelmann Spruce -- Subalpine Fir,Wet Mild Woodland, , ,Ecosystems with rare stand-initiating events,38203348.309900000691414,116404.406700000006822,38203348.000000000000000,116404.000000000000000,5121011.000000000000000,120617.582609593126108,37902620.807882875204086,3790.262080788287676
172,435.000000000000000,ESSF,dk,1, ,NDT3,ESSFdk1,ESSFdk 1,Engelmann Spruce -- Subalpine Fir,Dry Cool,Elk, ,Ecosystems with frequent stand-initiating events,14178486.770999999716878,70230.506699999998091,14178487.000000000000000,70231.000000000000000,5117320.000000000000000,72885.588130912568886,10889553.580990200862288,1088.955358099020032
173,435.000000000000000,ESSF,dkw, , ,NDT3,ESSFdkw,ESSFdkw,Engelmann Spruce -- Subalpine Fir,Dry Cool Woodland, , ,Ecosystems with frequent stand-initiating events,7237500.000000000000000,43900.000000000000000,7237500.000000000000000,43900.000000000000000,5117694.000000000000000,31119.625579647985433,2512989.405619558878243,251.298940561955902
174,435.000000000000000,ESSF,dkp, , ,NDT5,ESSFdkp,ESSFdkp,Engelmann Spruce -- Subalpine Fir,Dry Cool Parkland, , ,Alpine Tundra and Subalpine Parkland ecosystems,1427500.000000000000000,12100.000000000000000,1427500.000000000000000,12100.000000000000000,5117406.000000000000000,1799.918559478585621,65138.414066880563041,6.513841406688057
175,435.000000000000000,ICH,mk,4, ,NDT3,ICHmk4,ICH mk 4,Interior Cedar -- Hemlock,Moist Cool,Elk, ,Ecosystems with frequent stand-initiating events,15613903.427999999374151,28701.471099999998842,15613903.000000000000000,28701.000000000000000,5121519.000000000000000,40382.777364907444280,10258709.582783790305257,1025.870958278379021
176,435.000000000000000,ESSF,wmw, , ,NDT1,ESSFwmw,ESSFwmw,Engelmann Spruce -- Subalpine Fir,Wet Mild Woodland, , ,Ecosystems with rare stand-initiating events,8667831.827400000765920,44212.305399999997462,8667832.000000000000000,44212.000000000000000,5120989.000000000000000,41591.942397744380287,5897426.613192358054221,589.742661319235822
177,435.000000000000000,ESSF,wm,1, ,NDT2,ESSFwm1,ESSFwm 1,Engelmann Spruce -- Subalpine Fir,Wet Mild,Fernie, ,Ecosystems with infrequent stand-initiating events,3488649.084499999880791,16071.227399999999761,3488649.000000000000000,16071.000000000000000,5120736.000000000000000,12297.824471137986620,2111309.833030621986836,211.130983303062209
178,435.000000000000000,ESSF,wm,1, ,NDT2,ESSFwm1,ESSFwm 1,Engelmann Spruce -- Subalpine Fir,Wet Mild,Fernie, ,Ecosystems with infrequent stand-initiating events,36025195.368400000035763,137488.555099999997765,36025195.000000000000000,137489.000000000000000,5120737.000000000000000,207672.483939069614280,27844976.547413274645805,2784.497654741327551
179,435.000000000000000,ESSF,wmw, , ,NDT1,ESSFwmw,ESSFwmw,Engelmann Spruce -- Subalpine Fir,Wet Mild Woodland, , ,Ecosystems with rare stand-initiating events,1046030.848499999963678,8130.065800000000309,1046031.000000000000000,8130.000000000000000,5120966.000000000000000,6247.997630153996397,730611.833848604117520,73.061183384860414
180,435.000000000000000,ESSF,dkw, , ,NDT3,ESSFdkw,ESSFdkw,Engelmann Spruce -- Subalpine Fir,Dry Cool Woodland, , ,Ecosystems with frequent stand-initiating events,575315.694099999964237,4879.328800000000228,575316.000000000000000,4879.000000000000000,5117676.000000000000000,4255.750978429704446,89599.221876306313789,8.959922187630632
181,435.000000000000000,ESSF,dkw, , ,NDT3,ESSFdkw,ESSFdkw,Engelmann Spruce -- Subalpine Fir,Dry Cool Woodland, , ,Ecosystems with frequent stand-initiating events,19058489.345100000500679,72728.424199999994016,19058489.000000000000000,72728.000000000000000,5117709.000000000000000,80503.076686827509548,18536662.226071015000343,1853.666222607101645
182,435.000000000000000,ESSF,dkw, , ,NDT3,ESSFdkw,ESSFdkw,Engelmann Spruce -- Subalpine Fir,Dry Cool Woodland, , ,Ecosystems with frequent stand-initiating events,2531496.521800000220537,13077.366700000000492,2531497.000000000000000,13077.000000000000000,5117700.000000000000000,16071.669987216828304,2453949.418879860080779,245.394941887986022
183,435.000000000000000,ESSF,wmw, , ,NDT1,ESSFwmw,ESSFwmw,Engelmann Spruce -- Subalpine Fir,Wet Mild Woodland, , ,Ecosystems with rare stand-initiating events,415795.312199999985751,4072.419600000000173,415795.000000000000000,4072.000000000000000,5120992.000000000000000,4036.801259033819861,415286.680389797489624,41.528668038979752
184,435.000000000000000,ESSF,wmw, , ,NDT1,ESSFwmw,ESSFwmw,Engelmann Spruce -- Subalpine Fir,Wet Mild Woodland, , ,Ecosystems with rare stand-initiating events,258178.482400000008056,2721.014400000000023,258178.000000000000000,2721.000000000000000,5120998.000000000000000,2720.751869383705980,258123.958391429827316,25.812395839142983
185,435.000000000000000,ESSF,dkw, , ,NDT3,ESSFdkw,ESSFdkw,Engelmann Spruce -- Subalpine Fir,Dry Cool Woodland, , ,Ecosystems with frequent stand-initiating events,2666821.517599999904633,11195.344399999999951,2666822.000000000000000,11195.000000000000000,5117702.000000000000000,15070.351319570658234,2501119.265010046772659,250.111926501004689
186,435.000000000000000,ESSF,dkw, , ,NDT3,ESSFdkw,ESSFdkw,Engelmann Spruce -- Subalpine Fir,Dry Cool Woodland, , ,Ecosystems with frequent stand-initiating events,54560.935199999999895,1258.433099999999968,54561.000000000000000,1258.000000000000000,5117681.000000000000000,1191.793970300791671,40169.809985771797074,4.016980998577180
187,435.000000000000000,ESSF,dkw, , ,NDT3,ESSFdkw,ESSFdkw,Engelmann Spruce -- Subalpine Fir,Dry Cool Woodland, , ,Ecosystems with frequent stand-initiating events,988424.138999999966472,6350.187200000000303,988424.000000000000000,6350.000000000000000,5117668.000000000000000,9493.501657095086557,389813.739461184770335,38.981373946118481
188,435.000000000000000,ESSF,dkp, , ,NDT5,ESSFdkp,ESSFdkp,Engelmann Spruce -- Subalpine Fir,Dry Cool Parkland, , ,Alpine Tundra and Subalpine Parkland ecosystems,167363.348399999988033,2742.493800000000192,167363.000000000000000,2742.000000000000000,5117405.000000000000000,1329.913151839457214,80994.252492895742762,8.099425249289574
189,435.000000000000000,IDF,dm,2, ,NDT4,IDFdm2,IDF dm 2,Interior Douglas-fir,Dry Mild,Kootenay, ,Ecosystems with frequent stand-maintaining fires,2154694911.042200088500977,1438185.760100000072271,2154694910.000000000000000,1438186.000000000000000,5121855.000000000000000,25665.924698689595971,7475905.908191515132785,747.590590819151544
190,435.000000000000000,ICH,mk,4, ,NDT3,ICHmk4,ICH mk 4,Interior Cedar -- Hemlock,Moist Cool,Elk, ,Ecosystems with frequent stand-initiating events,368129893.105400025844574,392091.146300000022165,368129893.000000000000000,392091.000000000000000,5121522.000000000000000,1001603.285552140208893,319900758.898207843303680,31990.075889820785960
191,435.000000000000000,ESSF,wm,1, ,NDT2,ESSFwm1,ESSFwm 1,Engelmann Spruce -- Subalpine Fir,Wet Mild,Fernie, ,Ecosystems with infrequent stand-initiating events,287074443.531599998474121,928508.552000000025146,287074443.000000000000000,928509.000000000000000,5120741.000000000000000,1337910.409184357617050,206419374.471987485885620,20641.937447198750306
192,435.000000000000000,ICH,mk,4, ,NDT3,ICHmk4,ICH mk 4,Interior Cedar -- Hemlock,Moist Cool,Elk, ,Ecosystems with frequent stand-initiating events,286894266.179799973964691,553627.755099999951199,286894266.000000000000000,553628.000000000000000,5121525.000000000000000,668738.579820480546914,243502083.005029261112213,24350.208300502927159
193,435.000000000000000,ESSF,wm,1, ,NDT2,ESSFwm1,ESSFwm 1,Engelmann Spruce -- Subalpine Fir,Wet Mild,Fernie, ,Ecosystems with infrequent stand-initiating events,152267439.163199990987778,428124.198499999998603,152267439.000000000000000,428124.000000000000000,5120742.000000000000000,231887.898306558810873,62344121.014473482966423,6234.412101447348505
194,435.000000000000000,MS,dw, , ,NDT3,MSdw,MS  dw,Montane Spruce,Dry Warm, , ,Ecosystems with frequent stand-initiating events,143561392.372799992561340,528743.484100000001490,143561393.000000000000000,528743.000000000000000,5125215.000000000000000,159633.512850385130150,45955549.310006543993950,4595.554931000654506
195,435.000000000000000,ESSF,dkw, , ,NDT3,ESSFdkw,ESSFdkw,Engelmann Spruce -- Subalpine Fir,Dry Cool Woodland, , ,Ecosystems with frequent stand-initiating events,202500546.169699996709824,1166769.736199999926612,202500546.000000000000000,1166770.000000000000000,5117783.000000000000000,474163.393259354634210,46185980.066427424550056,4618.598006642742803
196,435.000000000000000,ESSF,dkp, , ,NDT5,ESSFdkp,ESSFdkp,Engelmann Spruce -- Subalpine Fir,Dry Cool Parkland, , ,Alpine Tundra and Subalpine Parkland ecosystems,82236447.972800001502037,711101.630099999951199,82236448.000000000000000,711102.000000000000000,5117585.000000000000000,89755.412782792205689,3246187.244433573447168,324.618724443357337
197,435.000000000000000,IMA,un, , ,NDT5,IMAun,IMA un,Interior Mountain-heather Alpine,Undifferentiated, , ,Alpine Tundra and Subalpine Parkland ecosystems,108053693.449599996209145,308628.586999999999534,108053693.000000000000000,308629.000000000000000,5122407.000000000000000,1511.257236808184871,25601.687269582369481,2.560168726958237
198,435.000000000000000,ESSF,dkp, , ,NDT5,ESSFdkp,ESSFdkp,Engelmann Spruce -- Subalpine Fir,Dry Cool Parkland, , ,Alpine Tundra and Subalpine Parkland ecosystems,3305417.798500000033528,34688.985000000000582,3305418.000000000000000,34689.000000000000000,5117582.000000000000000,3809.767141826986972,166060.827210989897139,16.606082721098989
199,435.000000000000000,ESSF,dkp, , ,NDT5,ESSFdkp,ESSFdkp,Engelmann Spruce -- Subalpine Fir,Dry Cool Parkland, , ,Alpine Tundra and Subalpine Parkland ecosystems,2615000.000000000000000,22100.000000000000000,2615000.000000000000000,22100.000000000000000,5117579.000000000000000,5507.947241064002810,165835.389966112823458,16.583538996611281
200,435.000000000000000,ESSF,dkp, , ,NDT5,ESSFdkp,ESSFdkp,Engelmann Spruce -- Subalpine Fir,Dry Cool Parkland, , ,Alpine Tundra and Subalpine Parkland ecosystems,9277500.013499999418855,90499.963900000002468,9277500.000000000000000,90500.000000000000000,5117576.000000000000000,14172.090312607093438,528766.724076579208486,52.876672407657921
201,435.000000000000000,ESSF,dkp, , ,NDT5,ESSFdkp,ESSFdkp,Engelmann Spruce -- Subalpine Fir,Dry Cool Parkland, , ,Alpine Tundra and Subalpine Parkland ecosystems,4355002.338399999774992,68199.836500000004889,4355002.000000000000000,68200.000000000000000,5117578.000000000000000,3649.362908834242262,73044.457045163988369,7.304445704516399
202,435.000000000000000,ESSF,dkp, , ,NDT5,ESSFdkp,ESSFdkp,Engelmann Spruce -- Subalpine Fir,Dry Cool Parkland, , ,Alpine Tundra and Subalpine Parkland ecosystems,7485149.388700000010431,85723.869900000005146,7485149.000000000000000,85724.000000000000000,5117587.000000000000000,11382.413820274377940,269283.014870592916850,26.928301487059294
203,435.000000000000000,IMA,un, , ,NDT5,IMAun,IMA un,Interior Mountain-heather Alpine,Undifferentiated, , ,Alpine Tundra and Subalpine Parkland ecosystems,1574999.987999999895692,12999.933000000000902,1575000.000000000000000,13000.000000000000000,5122090.000000000000000,324.231561683475093,2056.965228587761430,0.205696522858776
204,435.000000000000000,ESSF,dkp, , ,NDT5,ESSFdkp,ESSFdkp,Engelmann Spruce -- Subalpine Fir,Dry Cool Parkland, , ,Alpine Tundra and Subalpine Parkland ecosystems,38427617.110399998724461,412982.057499999995343,38427617.000000000000000,412982.000000000000000,5117546.000000000000000,79794.387605338211870,2497089.157858242280781,249.708915785824246
205,435.000000000000000,IMA,un, , ,NDT5,IMAun,IMA un,Interior Mountain-heather Alpine,Undifferentiated, , ,Alpine Tundra and Subalpine Parkland ecosystems,4237501.900000000372529,30799.923999999999069,4237502.000000000000000,30800.000000000000000,5122152.000000000000000,487.153189282183803,3475.984098166274180,0.347598409816627
206,435.000000000000000,ESSF,dkw, , ,NDT3,ESSFdkw,ESSFdkw,Engelmann Spruce -- Subalpine Fir,Dry Cool Woodland, , ,Ecosystems with frequent stand-initiating events,6495000.000000000000000,30800.000000000000000,6495000.000000000000000,30800.000000000000000,5117751.000000000000000,11698.551681548269698,989152.795315512921661,98.915279531551292
207,435.000000000000000,ESSF,dkp, , ,NDT5,ESSFdkp,ESSFdkp,Engelmann Spruce -- Subalpine Fir,Dry Cool Parkland, , ,Alpine Tundra and Subalpine Parkland ecosystems,157500.000000000000000,2400.000000000000000,157500.000000000000000,2400.000000000000000,5117517.000000000000000,1752.907605983007898,59461.500742468917451,5.946150074246892
208,435.000000000000000,ESSF,dkw, , ,NDT3,ESSFdkw,ESSFdkw,Engelmann Spruce -- Subalpine Fir,Dry Cool Woodland, , ,Ecosystems with frequent stand-initiating events,5692500.000000000000000,37400.000000000000000,5692500.000000000000000,37400.000000000000000,5117756.000000000000000,43814.790389682217210,3518714.300845216494054,351.871430084521648
209,435.000000000000000,ESSF,dkp, , ,NDT5,ESSFdkp,ESSFdkp,Engelmann Spruce -- Subalpine Fir,Dry Cool Parkland, , ,Alpine Tundra and Subalpine Parkland ecosystems,2155000.000000000000000,15700.000000000000000,2155000.000000000000000,15700.000000000000000,5117525.000000000000000,16483.112219174239726,399768.636007849127054,39.976863600784917
210,435.000000000000000,ESSF,dkw, , ,NDT3,ESSFdkw,ESSFdkw,Engelmann Spruce -- Subalpine Fir,Dry Cool Woodland, , ,Ecosystems with frequent stand-initiating events,7185000.000000000000000,34400.000000000000000,7185000.000000000000000,34400.000000000000000,5117760.000000000000000,39593.740787253627786,5634279.467801542952657,563.427946780154343
211,435.000000000000000,ESSF,dkp, , ,NDT5,ESSFdkp,ESSFdkp,Engelmann Spruce -- Subalpine Fir,Dry Cool Parkland, , ,Alpine Tundra and Subalpine Parkland ecosystems,497500.000000000000000,5400.000000000000000,497500.000000000000000,5400.000000000000000,5117531.000000000000000,6986.510527493053814,271582.653965071134735,27.158265396507115
212,435.000000000000000,ESSF,dkp, , ,NDT5,ESSFdkp,ESSFdkp,Engelmann Spruce -- Subalpine Fir,Dry Cool Parkland, , ,Alpine Tundra and Subalpine Parkland ecosystems,1937500.000000000000000,13600.000000000000000,1937500.000000000000000,13600.000000000000000,5117538.000000000000000,10326.315461642951050,326445.563730999361724,32.644556373099938
213,435.000000000000000,ESSF,dkw, , ,NDT3,ESSFdkw,ESSFdkw,Engelmann Spruce -- Subalpine Fir,Dry Cool Woodland, , ,Ecosystems with frequent stand-initiating events,134631593.728599995374680,683781.294299999950454,134631594.000000000000000,683781.000000000000000,5117780.000000000000000,738879.464291872689500,69749252.757631272077560,6974.925275763127502
214,435.000000000000000,ESSF,dkp, , ,NDT5,ESSFdkp,ESSFdkp,Engelmann Spruce -- Subalpine Fir,Dry Cool Parkland, , ,Alpine Tundra and Subalpine Parkland ecosystems,27897063.871300000697374,256063.448600000003353,27897064.000000000000000,256063.000000000000000,5117561.000000000000000,36396.700805586879142,1235477.942577402573079,123.547794257740264
215,435.000000000000000,IMA,un, , ,NDT5,IMAun,IMA un,Interior Mountain-heather Alpine,Undifferentiated, , ,Alpine Tundra and Subalpine Parkland ecosystems,102500.000000000000000,1700.000000000000000,102500.000000000000000,1700.000000000000000,5122213.000000000000000,227.754532087971882,754.703895380429913,0.075470389538043
216,435.000000000000000,ESSF,dkp, , ,NDT5,ESSFdkp,ESSFdkp,Engelmann Spruce -- Subalpine Fir,Dry Cool Parkland, , ,Alpine Tundra and Subalpine Parkland ecosystems,667500.000000000000000,6200.000000000000000,667500.000000000000000,6200.000000000000000,5117539.000000000000000,4100.366236431491416,166092.645569054264342,16.609264556905426
217,435.000000000000000,ESSF,dkp, , ,NDT5,ESSFdkp,ESSFdkp,Engelmann Spruce -- Subalpine Fir,Dry Cool Parkland, , ,Alpine Tundra and Subalpine Parkland ecosystems,3550000.000000000000000,30100.000000000000000,3550000.000000000000000,30100.000000000000000,5117547.000000000000000,24181.432159450108884,886146.824300398118794,88.614682430039821
218,435.000000000000000,IMA,un, , ,NDT5,IMAun,IMA un,Interior Mountain-heather Alpine,Undifferentiated, , ,Alpine Tundra and Subalpine Parkland ecosystems,645000.000000000000000,7500.000000000000000,645000.000000000000000,7500.000000000000000,5122252.000000000000000,324.814504026531608,2823.154297507361207,0.282315429750736
219,435.000000000000000,ESSF,dkp, , ,NDT5,ESSFdkp,ESSFdkp,Engelmann Spruce -- Subalpine Fir,Dry Cool Parkland, , ,Alpine Tundra and Subalpine Parkland ecosystems,2312500.000000000000000,21700.000000000000000,2312500.000000000000000,21700.000000000000000,5117554.000000000000000,12913.692687553369979,612229.999664113973267,61.222999966411400
220,435.000000000000000,IMA,un, , ,NDT5,IMAun,IMA un,Interior Mountain-heather Alpine,Undifferentiated, , ,Alpine Tundra and Subalpine Parkland ecosystems,125000.000000000000000,1700.000000000000000,125000.000000000000000,1700.000000000000000,5122267.000000000000000,688.848643626878015,11203.831423295761851,1.120383142329576
221,435.000000000000000,IMA,un, , ,NDT5,IMAun,IMA un,Interior Mountain-heather Alpine,Undifferentiated, , ,Alpine Tundra and Subalpine Parkland ecosystems,505000.000000000000000,5100.000000000000000,505000.000000000000000,5100.000000000000000,5122276.000000000000000,75.847766211716007,110.824743154303235,0.011082474315430
222,435.000000000000000,ESSF,dkp, , ,NDT5,ESSFdkp,ESSFdkp,Engelmann Spruce -- Subalpine Fir,Dry Cool Parkland, , ,Alpine Tundra and Subalpine Parkland ecosystems,3068186.389500000048429,29850.707200000000739,3068186.000000000000000,29851.000000000000000,5117563.000000000000000,4217.010466986701431,145012.877867118077120,14.501287786711808
223,435.000000000000000,ESSF,dkp, , ,NDT5,ESSFdkp,ESSFdkp,Engelmann Spruce -- Subalpine Fir,Dry Cool Parkland, , ,Alpine Tundra and Subalpine Parkland ecosystems,49824.210299999998824,1648.662600000000111,49824.000000000000000,1649.000000000000000,5117564.000000000000000,296.520945039504397,3788.028980904340642,0.378802898090434
224,435.000000000000000,IMA,un, , ,NDT5,IMAun,IMA un,Interior Mountain-heather Alpine,Undifferentiated, , ,Alpine Tundra and Subalpine Parkland ecosystems,3387220.341700000222772,31397.378400000001420,3387220.000000000000000,31397.000000000000000,5122333.000000000000000,254.353265418013535,1250.387485197414890,0.125038748519742
225,435.000000000000000,MS,dk, , ,NDT3,MSdk,MS  dk,Montane Spruce,Dry Cool, , ,Ecosystems with frequent stand-initiating events,2158435479.868599891662598,2412945.209600000176579,2158435481.000000000000000,2412945.000000000000000,5125159.000000000000000,1604.446343915052466,115376.033174941927427,11.537603317494193
226,435.000000000000000,ESSF,dk,2, ,NDT3,ESSFdk2,ESSFdk 2,Engelmann Spruce -- Subalpine Fir,Dry Cool,Columbia, ,Ecosystems with frequent stand-initiating events,2224484025.197899818420410,5040447.288499999791384,2224484025.000000000000000,5040447.000000000000000,5117387.000000000000000,3159405.158257817849517,519463582.793958127498627,51946.358279395812133
227,435.000000000000000,ESSF,dkw, , ,NDT3,ESSFdkw,ESSFdkw,Engelmann Spruce -- Subalpine Fir,Dry Cool Woodland, , ,Ecosystems with frequent stand-initiating events,102095813.711500003933907,670298.529600000008941,102095814.000000000000000,670299.000000000000000,5117749.000000000000000,322045.121111531043425,27695372.244502421468496,2769.537224450242320
228,435.000000000000000,ESSF,dkp, , ,NDT5,ESSFdkp,ESSFdkp,Engelmann Spruce -- Subalpine Fir,Dry Cool Parkland, , ,Alpine Tundra and Subalpine Parkland ecosystems,46612978.874200001358986,393003.936899999971502,46612979.000000000000000,393004.000000000000000,5117515.000000000000000,145937.873716706759296,7744412.094935768283904,774.441209493576821
229,435.000000000000000,IMA,un, , ,NDT5,IMAun,IMA un,Interior Mountain-heather Alpine,Undifferentiated, , ,Alpine Tundra and Subalpine Parkland ecosystems,24424304.582499999552965,85199.985799999994924,24424305.000000000000000,85200.000000000000000,5122096.000000000000000,5635.477128461066059,81824.149585678838775,8.182414958567884
230,435.000000000000000,ESSF,dkw, , ,NDT3,ESSFdkw,ESSFdkw,Engelmann Spruce -- Subalpine Fir,Dry Cool Woodland, , ,Ecosystems with frequent stand-initiating events,166827527.812400013208389,922164.571499999961816,166827528.000000000000000,922165.000000000000000,5117762.000000000000000,842450.688502438715659,65440155.799727715551853,6544.015579972771775
231,435.000000000000000,ESSF,dkp, , ,NDT5,ESSFdkp,ESSFdkp,Engelmann Spruce -- Subalpine Fir,Dry Cool Parkland, , ,Alpine Tundra and Subalpine Parkland ecosystems,21259453.980200000107288,205321.425500000012107,21259454.000000000000000,205321.000000000000000,5117520.000000000000000,9812.787675278275856,289599.237873169244267,28.959923787316924
232,435.000000000000000,MS,dk, , ,NDT3,MSdk,MS  dk,Montane Spruce,Dry Cool, , ,Ecosystems with frequent stand-initiating events,154613202.089300006628036,399933.238699999987148,154613202.000000000000000,399933.000000000000000,5125154.000000000000000,655936.629474772373214,144030320.963613301515579,14403.032096361330332
233,435.000000000000000,ESSF,dkp, , ,NDT5,ESSFdkp,ESSFdkp,Engelmann Spruce -- Subalpine Fir,Dry Cool Parkland, , ,Alpine Tundra and Subalpine Parkland ecosystems,3110000.000000000000000,14600.000000000000000,3110000.000000000000000,14600.000000000000000,5117498.000000000000000,13222.688110020952081,623848.171328611904755,62.384817132861194
234,435.000000000000000,ESSF,dkp, , ,NDT5,ESSFdkp,ESSFdkp,Engelmann Spruce -- Subalpine Fir,Dry Cool Parkland, , ,Alpine Tundra and Subalpine Parkland ecosystems,15134171.516699999570847,87968.702099999994971,15134172.000000000000000,87969.000000000000000,5117511.000000000000000,23641.841655613901821,733775.598840212565847,73.377559884021267
235,435.000000000000000,ESSF,dkp, , ,NDT5,ESSFdkp,ESSFdkp,Engelmann Spruce -- Subalpine Fir,Dry Cool Parkland, , ,Alpine Tundra and Subalpine Parkland ecosystems,13414996.250000000000000,86799.850200000000768,13414996.000000000000000,86800.000000000000000,5117503.000000000000000,25997.717466972695547,773600.895735668134876,77.360089573566810
236,435.000000000000000,MS,dw, , ,NDT3,MSdw,MS  dw,Montane Spruce,Dry Warm, , ,Ecosystems with frequent stand-initiating events,539703258.206699967384338,840897.651700000045821,539703258.000000000000000,840898.000000000000000,5125223.000000000000000,1737183.087963668862358,469231178.232749044895172,46923.117823274908005
237,435.000000000000000,ESSF,dk,1, ,NDT3,ESSFdk1,ESSFdk 1,Engelmann Spruce -- Subalpine Fir,Dry Cool,Elk, ,Ecosystems with frequent stand-initiating events,402423485.249499976634979,1013470.535299999988638,402423485.000000000000000,1013471.000000000000000,5117359.000000000000000,1512917.691438519861549,317238104.410116493701935,31723.810441011650255
238,435.000000000000000,ESSF,dkp, , ,NDT5,ESSFdkp,ESSFdkp,Engelmann Spruce -- Subalpine Fir,Dry Cool Parkland, , ,Alpine Tundra and Subalpine Parkland ecosystems,1375000.000000000000000,10900.000000000000000,1375000.000000000000000,10900.000000000000000,5117500.000000000000000,11154.904523081122534,490154.266398220730480,49.015426639822074
239,435.000000000000000,ESSF,dk,1, ,NDT3,ESSFdk1,ESSFdk 1,Engelmann Spruce -- Subalpine Fir,Dry Cool,Elk, ,Ecosystems with frequent stand-initiating events,3044236.251800000201911,12225.612999999999374,3044236.000000000000000,12226.000000000000000,5117346.000000000000000,12224.278608409786102,3043529.262356511317194,304.352926235651125
240,435.000000000000000,ESSF,dk,1, ,NDT3,ESSFdk1,ESSFdk 1,Engelmann Spruce -- Subalpine Fir,Dry Cool,Elk, ,Ecosystems with frequent stand-initiating events,3710353.189900000113994,16499.956999999998516,3710353.000000000000000,16500.000000000000000,5117350.000000000000000,16498.090183778764185,3709533.869045346044004,370.953386904534625
241,435.000000000000000,ESSF,dkw, , ,NDT3,ESSFdkw,ESSFdkw,Engelmann Spruce -- Subalpine Fir,Dry Cool Woodland, , ,Ecosystems with frequent stand-initiating events,357500.000000000000000,4800.000000000000000,357500.000000000000000,4800.000000000000000,5117746.000000000000000,4833.051863080903786,352787.021343344473280,35.278702134334452
242,435.000000000000000,ESSF,dkp, , ,NDT5,ESSFdkp,ESSFdkp,Engelmann Spruce -- Subalpine Fir,Dry Cool Parkland, , ,Alpine Tundra and Subalpine Parkland ecosystems,6282497.262000000104308,43899.823100000001432,6282497.000000000000000,43900.000000000000000,5117499.000000000000000,14113.948139103080393,908343.686369839590043,90.834368636983967
243,435.000000000000000,ESSF,dkw, , ,NDT3,ESSFdkw,ESSFdkw,Engelmann Spruce -- Subalpine Fir,Dry Cool Woodland, , ,Ecosystems with frequent stand-initiating events,2287500.162700000219047,14399.775299999999334,2287500.000000000000000,14400.000000000000000,5117748.000000000000000,18269.211033015508292,1135933.751178622478619,113.593375117862251
244,435.000000000000000,ESSF,dkp, , ,NDT5,ESSFdkp,ESSFdkp,Engelmann Spruce -- Subalpine Fir,Dry Cool Parkland, , ,Alpine Tundra and Subalpine Parkland ecosystems,4865000.000000000000000,20800.000000000000000,4865000.000000000000000,20800.000000000000000,5117509.000000000000000,27005.320993745186570,1039457.357721353881061,103.945735772135393
245,435.000000000000000,ESSF,dkp, , ,NDT5,ESSFdkp,ESSFdkp,Engelmann Spruce -- Subalpine Fir,Dry Cool Parkland, , ,Alpine Tundra and Subalpine Parkland ecosystems,2287500.000000000000000,10400.000000000000000,2287500.000000000000000,10400.000000000000000,5117505.000000000000000,18799.507747826501145,1123194.702668893150985,112.319470266889326
246,435.000000000000000,ESSF,dkp, , ,NDT5,ESSFdkp,ESSFdkp,Engelmann Spruce -- Subalpine Fir,Dry Cool Parkland, , ,Alpine Tundra and Subalpine Parkland ecosystems,15726604.167899999767542,113140.484500000005937,15726604.000000000000000,113140.000000000000000,5117519.000000000000000,24026.479924650560861,994734.037187960115261,99.473403718796021
247,435.000000000000000,ESSF,dkw, , ,NDT3,ESSFdkw,ESSFdkw,Engelmann Spruce -- Subalpine Fir,Dry Cool Woodland, , ,Ecosystems with frequent stand-initiating events,7492328.196800000034273,49539.337899999998626,7492328.000000000000000,49539.000000000000000,5117738.000000000000000,62052.393494620941055,3450394.487075845245272,345.039448707584540
248,435.000000000000000,ESSF,dkp, , ,NDT5,ESSFdkp,ESSFdkp,Engelmann Spruce -- Subalpine Fir,Dry Cool Parkland, , ,Alpine Tundra and Subalpine Parkland ecosystems,7272377.739199999719858,38402.343399999997928,7272378.000000000000000,38402.000000000000000,5117504.000000000000000,18785.948277909603348,516291.499645467323717,51.629149964546734
